Label,Length
2022050511+AF8-side.tif,998.460
2022050507+AF8-side.tif,997.694
2022050510+AF8-side.tif,997.426
2021121720+AF8-side.jpg,997.146
2021120310+AF8-side.tif,996.721
2022052503+AF8-side.tif,995.671
2022042806+AF8-side.tif,995.671
2022030807+AF8-side.tif,995.631
2021120913+AF8-side.jpg,994.410
2022040819+AF8-side.jpg,994.220
2022040812+AF8-side.jpg,994.182
2022050325+AF8-side.tif,993.806
2022042107+AF8-side.tif,993.464
2022041505+AF8-side.tif,992.892
2022050403+AF8-side.tif,992.743
2022050623+AF8-side.jpg,991.455
2023042810+AF8-side.tif,991.383
2022042518+AF8-side.tif,991.338
2022011415+AF8-side.jpg,991.304
2021120129+AF8-side.jpg,990.212
2021122104+AF8-side.jpg,989.449
2022031532+AF8-side.jpg,989.098
2022031545+AF8-side.jpg,989.059
2022030427+AF8-side.tif,986.936
2022052424+AF8-side.tif,986.900
2022021124+AF8-side.jpg,986.899
2021120116+AF8-side.jpg,986.230
2021120111+AF8-side.jpg,985.926
20230314+AC0-CantonS+AC0-profile2.tif,985.812
20230314+AC0-CantonS+AC0-profile12.tif,985.504
2022042907+AF8-side.tif,985.503
2022040824+AF8-side.jpg,985.500
2022041525+AF8-side.tif,985.366
2022050327+AF8-side.tif,985.094
2022050345+AF8-side.tif,984.747
2022050419+AF8-side.tif,984.189
2022020203+AF8-side.jpg,984.069
2022041516+AF8-side.tif,984.031
2022030418+AF8-side.tif,983.549
2022012711+AF8-side.jpg,982.763
2022042519+AF8-side.tif,982.758
2022012707+AF8-side.jpg,982.647
2022042523+AF8-side.tif,982.643
2022021843+AF8-side.jpg,982.626
2021122106+AF8-side.jpg,982.617
2021122101+AF8-side.jpg,982.572
2022042830+AF8-side.tif,982.572
2021120118+AF8-side.jpg,979.686
2022050515+AF8-side.tif,979.627
2022031536+AF8-side.jpg,978.599
2022052406+AF8-side.tif,978.322
2022052435+AF8-side.tif,978.205
2022052513+AF8-side.tif,978.166
2021120110+AF8-side.jpg,977.278
2021120114+AF8-side.jpg,977.240
2021120802+AF8-side.jpg,976.074
2022020813+AF8-side.jpg,976.035
2022050346+AF8-side.tif,976.033
2021120916+AF8-side.jpg,976.026
2022050401+AF8-side.tif,975.482
2022041519+AF8-side.tif,975.478
2022020208+AF8-side.jpg,975.361
2021122108+AF8-side.jpg,974.156
2022050633+AF8-side.jpg,973.950
2022042203+AF8-side.tif,973.948
2023042801+AF8-side.tif,973.724
2022040831+AF8-side.jpg,972.852
2022031517+AF8-side.jpg,971.711
2022031513+AF8-side.jpg,971.591
2022050239+AF8-side.tif,971.591
2022092312+AF8-side.tif,971.554
2021121724+AF8-side.jpg,971.446
2021121711+AF8-side.jpg,971.097
2022052505+AF8-side.tif,970.848
2022030425+AF8-side.tif,970.059
2021120115+AF8-side.jpg,969.981
2022110206+AF8-side.tif,969.786
2022021842+AF8-side.jpg,969.545
2022052404+AF8-side.tif,969.432
2022050405+AF8-side.tif,969.126
2021120121+AF8-side.jpg,968.631
2021120109+AF8-side.jpg,968.592
20230314+AC0-CantonS+AC0-profile4.tif,968.377
2021120914+AF8-side.jpg,967.664
2022110311+AF8-side.tif,967.563
2022050342+AF8-side.tif,967.475
2022110303+AF8-side.tif,967.475
2022020807+AF8-side.jpg,967.320
2022050434+AF8-side.tif,966.658
2022050407+AF8-side.tif,966.658
2022041517+AF8-side.tif,966.653
2022032417+AF8-side.tif,965.844
2022032402+AF8-side.tif,965.844
2022032425+AF8-side.tif,965.257
2022020817+AF8-side.jpg,965.257
2022050610+AF8-side.jpg,965.254
2021122103+AF8-side.jpg,965.224
2022031545+AF8-side.jpg,965.217
2022012730+AF8-side.jpg,965.217
2022050627+AF8-side.jpg,965.215
2022050622+AF8-side.jpg,965.215
2021120903+AF8-side.jpg,965.104
2022050247+AF8-side.tif,962.838
2022050240+AF8-side.tif,962.838
2022050249+AF8-side.tif,962.799
2022050516+AF8-side.tif,962.453
2021121739+AF8-side.jpg,962.427
2021121729+AF8-side.jpg,962.427
2021121710+AF8-side.jpg,962.427
2021121701+AF8-side.jpg,962.427
2021120309+AF8-side.tif,961.838
2021120303+AF8-side.tif,961.749
2022032412+AF8-side.tif,961.243
2022021131+AF8-side.jpg,960.787
2022052420+AF8-side.tif,960.738
2022042912+AF8-side.tif,960.292
2021120128+AF8-side.jpg,960.100
2021120112+AF8-side.jpg,959.983
20230314+AC0-CantonS+AC0-profile1.tif,959.659
2022042913+AF8-side.tif,959.658
20230314+AC0-CantonS+AC0-profile5.tif,959.342
2022042909+AF8-side.tif,959.341
2021121745+AF8-side.jpg,959.302
2022032417+AF8-side.tif,959.302
2022110304+AF8-side.tif,959.237
2022031536+AF8-side.jpg,958.894
2022050341+AF8-side.tif,958.643
2022050335+AF8-side.tif,958.603
2022110302+AF8-side.tif,958.603
2022050425+AF8-side.tif,957.950
2022050420+AF8-side.tif,957.950
2022050412+AF8-side.tif,957.950
2022050601+AF8-side.jpg,956.875
2022050604+AF8-side.jpg,956.559
2022012810+AF8-side.jpg,956.522
2022110217+AF8-side.tif,956.332
2022040827+AF8-side.jpg,955.177
2022050242+AF8-side.tif,954.407
2022050201+AF8-side.tif,954.046
2021121723+AF8-side.jpg,953.756
2022042821+AF8-side.tif,953.406
2022050523+AF8-side.tif,953.389
2022050505+AF8-side.tif,953.349
2021121503+AF8-side.jpg,952.529
2021120123+AF8-side.jpg,952.278
2022021125+AF8-side.jpg,952.004
2022042802+AF8-side.tif,951.965
2022050311+AF8-side.tif,951.846
2022050352+AF8-side.tif,950.888
2021120912+AF8-side.jpg,950.881
20230314+AC0-CantonS+AC0-profile10.tif,950.741
2022032409+AF8-side.tif,950.581
2022050351+AF8-side.tif,950.528
2022110305+AF8-side.tif,950.249
2022020809+AF8-side.jpg,949.891
2021120911+AF8-side.jpg,949.882
2022050404+AF8-side.tif,949.561
2022050439+AF8-side.tif,949.242
2022050416+AF8-side.tif,949.202
2022031531+AF8-side.jpg,948.823
2022032412+AF8-side.tif,948.464
2022030417+AF8-side.tif,947.965
2022031543+AF8-side.jpg,947.866
2022050632+AF8-side.jpg,947.864
2022050612+AF8-side.jpg,947.864
2022011428+AF8-side.jpg,947.826
2022050631+AF8-side.jpg,947.824
2022021836+AF8-side.jpg,947.806
2021122102+AF8-side.jpg,947.638
2022040832+AF8-side.jpg,947.091
2022050254+AF8-side.tif,945.941
2021121702+AF8-side.jpg,945.722
2022092306+AF8-side.tif,945.336
2022092301+AF8-side.tif,945.295
2022050252+AF8-side.tif,945.293
2021121712+AF8-side.jpg,945.245
2021121715+AF8-side.jpg,945.125
2021121728+AF8-side.jpg,945.086
2022050520+AF8-side.tif,944.764
2022050513+AF8-side.tif,944.643
2021120304+AF8-side.tif,944.303
2022030423+AF8-side.tif,943.593
2021120901+AF8-side.jpg,943.392
2022110211+AF8-side.tif,943.272
2022042914+AF8-side.tif,942.021
2022032429+AF8-side.tif,941.871
2022032425+AF8-side.tif,941.860
2022110301+AF8-side.tif,941.537
2022110309+AF8-side.tif,941.336
2021120915+AF8-side.jpg,941.168
2022050410+AF8-side.tif,941.138
2022042516+AF8-side.tif,941.097
2022050408+AF8-side.tif,940.655
2022042517+AF8-side.tif,940.575
2022030421+AF8-side.tif,940.116
2022050629+AF8-side.jpg,939.772
2022031532+AF8-side.jpg,939.493
2022032409+AF8-side.tif,939.171
2022011430+AF8-side.jpg,939.171
2022032429+AF8-side.tif,939.130
2022092304+AF8-side.tif,936.706
2022092302+AF8-side.tif,936.706
2022092303+AF8-side.tif,936.584
2022031512+AF8-side.jpg,936.581
2022031531+AF8-side.jpg,936.543
2021121733+AF8-side.jpg,936.415
2022050521+AF8-side.tif,935.897
2022050506+AF8-side.tif,935.897
2022050503+AF8-side.tif,935.897
2022042803+AF8-side.tif,934.865
2022110203+AF8-side.tif,934.539
2022021120+AF8-side.jpg,934.538
2022042901+AF8-side.tif,934.498
2022021123+AF8-side.jpg,934.497
2021120107+AF8-side.jpg,933.999
2021120103+AF8-side.jpg,933.999
2022032405+AF8-side.tif,933.180
2022110310+AF8-side.tif,932.623
2021121401+AF8-side.jpg,932.494
2021120918+AF8-side.jpg,932.494
2022020210+AF8-side.jpg,931.781
2022031521+AF8-side.jpg,930.597
2022011424+AF8-side.jpg,930.597
2022042525+AF8-side.tif,930.593
2022032415+AF8-side.tif,930.475
2022032405+AF8-side.tif,930.475
2022031530+AF8-side.jpg,930.475
2022050611+AF8-side.jpg,930.473
2022042521+AF8-side.tif,930.472
2022011427+AF8-side.jpg,930.435
2022011201+AF8-side.jpg,930.435
2022042904+AF8-side.tif,930.223
2022080914+AF8-side.tif,930.197
2022050519+AF8-side.tif,928.141
2022092316+AF8-side.tif,927.955
2022031521+AF8-side.jpg,927.955
2022031543+AF8-side.jpg,927.831
2022031540+AF8-side.jpg,927.790
2022050238+AF8-side.tif,927.788
2022050512+AF8-side.tif,927.151
2021120301+AF8-side.tif,927.147
2022050501+AF8-side.tif,927.110
2022042827+AF8-side.tif,926.794
2022110207+AF8-side.tif,926.423
2021121502+AF8-side.jpg,926.177
2022042828+AF8-side.tif,926.135
2022052509+AF8-side.tif,925.805
2022052502+AF8-side.tif,925.805
2022042804+AF8-side.tif,925.805
2022042903+AF8-side.tif,925.764
2022050433+AF8-side.tif,925.702
2021120120+AF8-side.jpg,925.392
2021120909+AF8-side.jpg,924.766
2022032420+AF8-side.tif,924.583
2022032415+AF8-side.tif,924.460
20230314+AC0-CantonS+AC0-profile15.tif,924.419
2022020805+AF8-side.jpg,923.788
2022050411+AF8-side.tif,923.447
2022042229+AF8-side.tif,922.391
2022021828+AF8-side.jpg,921.761
2022080903+AF8-side.tif,921.053
2022050243+AF8-side.tif,919.702
2021121731+AF8-side.jpg,919.115
2021121725+AF8-side.jpg,919.115
2022050251+AF8-side.tif,919.035
2021120305+AF8-side.tif,918.407
2021120320+AF8-side.tif,918.199
2021120307+AF8-side.tif,918.199
2022052501+AF8-side.tif,917.405
2022042805+AF8-side.tif,917.405
2022032423+AF8-side.tif,917.175
2022110215+AF8-side.tif,917.031
2022110213+AF8-side.tif,917.031
2022110212+AF8-side.tif,917.031
2021120127+AF8-side.jpg,916.744
2021120119+AF8-side.jpg,916.703
2022042905+AF8-side.tif,915.738
2022080916+AF8-side.tif,915.340
2022050430+AF8-side.tif,914.369
2022032406+AF8-side.tif,913.416
2022021832+AF8-side.jpg,913.190
2022031538+AF8-side.jpg,913.085
2022031540+AF8-side.jpg,913.043
2021121709+AF8-side.jpg,910.775
2021120206+AF8-side.jpg,910.732
2022050355+AF8-side.tif,910.684
2021121714+AF8-side.jpg,910.445
2021121713+AF8-side.jpg,910.445
2022050514+AF8-side.tif,909.617
2022050509+AF8-side.tif,909.617
2022021119+AF8-side.jpg,908.338
2022110210+AF8-side.tif,908.297
2021120124+AF8-side.jpg,908.055
2022032416+AF8-side.tif,907.144
2022042908+AF8-side.tif,906.976
2022020804+AF8-side.jpg,906.973
2022050432+AF8-side.tif,906.330
2022011413+AF8-side.jpg,905.392
2022011425+AF8-side.jpg,904.390
2022021834+AF8-side.jpg,904.370
2022050626+AF8-side.jpg,904.346
2022080910+AF8-side.tif,903.679
2022080904+AF8-side.tif,903.551
2022092101+AF8-side.tif,902.759
2022092318+AF8-side.tif,901.702
2022092305+AF8-side.tif,901.702
2022031522+AF8-side.jpg,901.532
2021120105+AF8-side.jpg,901.442
2021120312+AF8-side.tif,900.589
2021120207+AF8-side.jpg,900.589
2021120126+AF8-side.jpg,900.155
2022050440+AF8-side.tif,899.733
2022021128+AF8-side.jpg,899.732
2022042812+AF8-side.tif,899.563
2021120104+AF8-side.jpg,899.448
2022032406+AF8-side.tif,898.933
20230314+AC0-CantonS+AC0-profile9.tif,898.425
2022032421+AF8-side.tif,898.425
20230314+AC0-CantonS+AC0-profile7.tif,898.298
2021121405+AF8-side.jpg,897.595
2021121741+AF8-side.jpg,897.440
2022042232+AF8-side.tif,895.817
2022021112+AF8-side.jpg,895.694
2022032420+AF8-side.tif,895.652
2022021841+AF8-side.jpg,895.633
2022092311+AF8-side.tif,893.165
2021121738+AF8-side.jpg,893.105
2021121708+AF8-side.jpg,893.063
2021121707+AF8-side.jpg,893.063
2022050248+AF8-side.tif,892.948
2022092307+AF8-side.tif,892.822
2022050524+AF8-side.tif,892.167
2022050502+AF8-side.tif,892.167
2021120306+AF8-side.tif,891.975
2021120122+AF8-side.jpg,891.137
2022110205+AF8-side.tif,891.001
2022052510+AF8-side.tif,890.873
2022110201+AF8-side.tif,890.873
2022042801+AF8-side.tif,890.873
2022021122+AF8-side.jpg,890.872
2022110209+AF8-side.tif,890.830
2022032423+AF8-side.tif,890.603
20230314+AC0-CantonS+AC0-profile8.tif,889.578
2022050350+AF8-side.tif,889.271
2021120910+AF8-side.jpg,889.051
2022050338+AF8-side.tif,888.929
2022050427+AF8-side.tif,888.628
2022050435+AF8-side.tif,888.415
2022020204+AF8-side.jpg,888.411
2022012809+AF8-side.jpg,887.127
2022031522+AF8-side.jpg,886.999
2022012801+AF8-side.jpg,886.999
2022021830+AF8-side.jpg,886.980
2022092103+AF8-side.tif,885.413
2022092111+AF8-side.tif,885.030
2021121734+AF8-side.jpg,884.562
2022092309+AF8-side.tif,884.416
2021121727+AF8-side.jpg,884.392
2022050245+AF8-side.tif,884.197
2022050518+AF8-side.tif,884.071
2022031530+AF8-side.jpg,884.070
2022050246+AF8-side.tif,884.067
2022050241+AF8-side.tif,884.024
2022050218+AF8-side.tif,884.024
2022050442+AF8-side.tif,882.096
2022110216+AF8-side.tif,882.096
2022042910+AF8-side.tif,881.504
2022042920+AF8-side.tif,881.201
2021121744+AF8-side.jpg,880.987
2021121742+AF8-side.jpg,880.814
2022050336+AF8-side.tif,880.345
2022030424+AF8-side.tif,880.155
2022020202+AF8-side.jpg,879.920
2022050402+AF8-side.tif,879.579
2022020211+AF8-side.jpg,879.575
2022050614+AF8-side.jpg,879.334
2022050625+AF8-side.jpg,878.947
2022011417+AF8-side.jpg,878.304
2022021835+AF8-side.jpg,878.285
2022012807+AF8-side.jpg,878.261
2021122110+AF8-side.jpg,878.261
2021122107+AF8-side.jpg,878.261
2022021833+AF8-side.jpg,878.242
2022031538+AF8-side.jpg,876.367
2021121736+AF8-side.jpg,875.893
2022092313+AF8-side.tif,875.317
2022031547+AF8-side.jpg,875.317
2022031544+AF8-side.jpg,875.274
2022031525+AF8-side.jpg,875.274
2022050447+AF8-side.tif,873.537
2021120113+AF8-side.jpg,873.462
2022042826+AF8-side.tif,873.406
2022110208+AF8-side.tif,873.362
2022042816+AF8-side.tif,873.362
2022032428+AF8-side.tif,872.137
2022050428+AF8-side.tif,871.219
2022050605+AF8-side.jpg,869.737
2022042524+AF8-side.tif,869.562
2022080906+AF8-side.tif,868.820
2022080901+AF8-side.tif,868.598
2022092109+AF8-side.tif,867.720
2021121726+AF8-side.jpg,867.441
2021121716+AF8-side.jpg,867.051
2021121703+AF8-side.jpg,867.051
2022050207+AF8-side.tif,866.696
2022092322+AF8-side.tif,866.565
2022031526+AF8-side.jpg,866.565
2022050253+AF8-side.tif,866.563
2022050219+AF8-side.tif,866.563
2021120319+AF8-side.tif,865.618
2021120117+AF8-side.jpg,864.814
2022110204+AF8-side.tif,864.673
2022110202+AF8-side.tif,864.673
2022012106+AF8-side.tif,863.371
2022050330+AF8-side.tif,862.919
2022110306+AF8-side.tif,862.919
2022050620+AF8-side.jpg,862.447
2021120202+AF8-side.jpg,862.398
2022050418+AF8-side.tif,862.163
2022020219+AF8-side.jpg,862.159
2022050423+AF8-side.tif,862.119
2022011416+AF8-side.jpg,861.967
2021120201+AF8-side.jpg,861.521
2022050615+AF8-side.jpg,861.263
2022011419+AF8-side.jpg,861.045
2022021840+AF8-side.jpg,861.027
2021122105+AF8-side.jpg,860.913
2022032421+AF8-side.tif,860.870
2022012702+AF8-side.jpg,860.870
2022050603+AF8-side.jpg,860.868
2021120907+AF8-side.jpg,860.272
2022092104+AF8-side.tif,859.175
2022092308+AF8-side.tif,857.768
2021121506+AF8-side.jpg,856.796
2022021121+AF8-side.jpg,855.894
20230314+AC0-CantonS+AC0-profile13.tif,854.829
2022050409+AF8-side.tif,854.121
2021120908+AF8-side.jpg,854.067
2022050424+AF8-side.tif,853.455
2022050256+AF8-side.tif,853.401
2022032416+AF8-side.tif,852.883
2022011414+AF8-side.jpg,852.573
2021120203+AF8-side.jpg,852.523
2022032428+AF8-side.tif,852.351
2022032414+AF8-side.tif,852.218
2022021827+AF8-side.jpg,852.200
2022031547+AF8-side.jpg,852.174
2022031526+AF8-side.jpg,852.174
2022080911+AF8-side.tif,850.922
2022031534+AF8-side.jpg,850.638
2021121704+AF8-side.jpg,849.887
2022050255+AF8-side.tif,849.419
2021120321+AF8-side.tif,848.087
2021120204+AF8-side.jpg,847.954
2022110214+AF8-side.tif,847.207
2022021130+AF8-side.jpg,847.206
2022050451+AF8-side.tif,847.162
2022050443+AF8-side.tif,847.162
2022042809+AF8-side.tif,847.162
2022032414+AF8-side.tif,845.930
2021120322+AF8-side.tif,844.350
2022050617+AF8-side.jpg,843.880
2022012812+AF8-side.jpg,843.523
2021122109+AF8-side.jpg,843.523
2022031525+AF8-side.jpg,843.478
2022012806+AF8-side.jpg,843.478
2022012727+AF8-side.jpg,843.478
2021121735+AF8-side.jpg,842.156
2021121746+AF8-side.jpg,841.570
2021121740+AF8-side.jpg,841.084
2021120801+AF8-side.jpg,840.959
2022092310+AF8-side.tif,840.263
2022031533+AF8-side.jpg,840.263
2022031524+AF8-side.jpg,840.263
2021120315+AF8-side.tif,839.390
2021120318+AF8-side.tif,839.344
2022050449+AF8-side.tif,838.837
2022050422+AF8-side.tif,837.625
2022031811+AF8-side.jpg,837.618
2022050344+AF8-side.tif,837.325
2022031810+AF8-side.jpg,837.209
2022020220+AF8-side.jpg,836.172
2022050426+AF8-side.tif,836.040
2022020209+AF8-side.jpg,836.036
2021121505+AF8-side.jpg,834.883
2022031533+AF8-side.jpg,834.828
2022011407+AF8-side.jpg,834.828
2022031544+AF8-side.jpg,834.783
2022031528+AF8-side.jpg,831.694
2022031541+AF8-side.jpg,831.510
2022050444+AF8-side.tif,829.740
2022042817+AF8-side.tif,829.694
2022050339+AF8-side.tif,828.068
2022050354+AF8-side.tif,827.931
2022031534+AF8-side.jpg,827.733
2022020213+AF8-side.jpg,827.282
2022011421+AF8-side.jpg,826.133
2022032401+AF8-side.tif,826.087
2022031811+AF8-side.jpg,826.087
2022031810+AF8-side.jpg,826.087
2022012808+AF8-side.jpg,826.087
2022092110+AF8-side.tif,824.704
2022080902+AF8-side.tif,824.608
2022092314+AF8-side.tif,822.804
2022050446+AF8-side.tif,821.146
2022050431+AF8-side.tif,818.994
2022020216+AF8-side.jpg,818.759
2022020214+AF8-side.jpg,818.574
2022012811+AF8-side.jpg,817.807
2022011406+AF8-side.jpg,817.576
2022031524+AF8-side.jpg,817.391
2022011423+AF8-side.jpg,817.391
2022011410+AF8-side.jpg,817.391
2022031546+AF8-side.jpg,814.051
2022031542+AF8-side.jpg,814.004
2021120317+AF8-side.tif,813.115
2022032401+AF8-side.tif,811.047
2022020217+AF8-side.jpg,809.866
2022031542+AF8-side.jpg,808.883
2022011408+AF8-side.jpg,808.883
2022021111+AF8-side.jpg,808.742
2022031535+AF8-side.jpg,808.696
2022012729+AF8-side.jpg,808.696
2022011422+AF8-side.jpg,808.696
2022011420+AF8-side.jpg,808.696
2022050204+AF8-side.tif,805.440
2022012815+AF8-side.jpg,804.395
2022050450+AF8-side.tif,803.541
2022042808+AF8-side.tif,803.541
2022042813+AF8-side.tif,803.493
2022042917+AF8-side.tif,802.514
2022042918+AF8-side.tif,802.372
2022050333+AF8-side.tif,801.078
2022032422+AF8-side.tif,800.047
2022031546+AF8-side.jpg,800.047
2022031541+AF8-side.jpg,800.047
2022032410+AF8-side.tif,800.000
2022092321+AF8-side.tif,796.691
2022050205+AF8-side.tif,796.689
2022031535+AF8-side.jpg,796.499
2022050448+AF8-side.tif,794.952
2022042811+AF8-side.tif,794.760
2022032422+AF8-side.tif,793.653
2022031808+AF8-side.jpg,793.653
2022012115+AF8-side.tif,793.652
2022032410+AF8-side.tif,793.605
2022011402+AF8-side.jpg,791.734
2022031807+AF8-side.jpg,791.352
2022012726+AF8-side.jpg,791.352
2021122112+AF8-side.jpg,791.304
2022030815+AF8-side.tif,791.302
2021120905+AF8-side.jpg,790.404
2022031807+AF8-side.jpg,787.978
2022031537+AF8-side.jpg,787.746
2022042829+AF8-side.tif,786.026
2022031528+AF8-side.jpg,783.381
2022012718+AF8-side.jpg,782.802
2022031812+AF8-side.jpg,782.609
2022031537+AF8-side.jpg,782.609
2022012715+AF8-side.jpg,782.609
2022032411+AF8-side.tif,776.946
2022032408+AF8-side.tif,776.163
2022050445+AF8-side.tif,769.005
2022012102+AF8-side.tif,767.491
2022042915+AF8-side.tif,767.491
2022031812+AF8-side.jpg,767.491
2022031105+AF8-side.tif,765.265
2022032408+AF8-side.tif,765.217
2022050618+AF8-side.jpg,765.216
2022050211+AF8-side.tif,761.536
2022012111+AF8-side.tif,758.921
2022042916+AF8-side.tif,758.921
2022012110+AF8-side.tif,758.770
2022012103+AF8-side.tif,758.770
2022032411+AF8-side.tif,757.770
2022031808+AF8-side.jpg,756.522
2022011401+AF8-side.jpg,756.522
2022050206+AF8-side.tif,752.937
2022012805+AF8-side.jpg,748.028
2022011409+AF8-side.jpg,748.028
2022030817+AF8-side.tif,748.027
2022031806+AF8-side.jpg,747.826
2022031806+AF8-side.jpg,741.279
2022050619+AF8-side.jpg,740.406
2022011403+AF8-side.jpg,739.130
2022031106+AF8-side.tif,739.129
2022031103+AF8-side.tif,739.129
2022050215+AF8-side.tif,735.280
2022031504+AF8-side.jpg,735.228
2022050216+AF8-side.tif,726.528
2022031102+AF8-side.tif,721.790
2022011411+AF8-side.jpg,721.739
2022011404+AF8-side.jpg,721.739
2022030813+AF8-side.tif,721.737
2022012107+AF8-side.tif,715.169
2022031101+AF8-side.tif,713.042
2022030812+AF8-side.tif,713.042
2022050221+AF8-side.tif,709.186
2022031509+AF8-side.jpg,709.024
2022050217+AF8-side.tif,708.970
2021120904+AF8-side.jpg,707.477
2022050214+AF8-side.tif,700.709
2022012105+AF8-side.tif,697.728
2022030816+AF8-side.tif,695.651
2022031501+AF8-side.jpg,692.848
2022031505+AF8-side.jpg,691.464
2022031510+AF8-side.jpg,685.860
2022012101+AF8-side.tif,680.288
2022031802+AF8-side.jpg,680.233
2022031503+AF8-side.jpg,674.016
2021122113+AF8-side.jpg,669.622
2022031502+AF8-side.jpg,665.264
2022012108+AF8-side.tif,662.790
2022031802+AF8-side.jpg,660.870
2022031506+AF8-side.jpg,652.297
2022031801+AF8-side.jpg,652.174
2022031801+AF8-side.jpg,636.628
2022030811+AF8-side.tif,626.327
2021120102+AF8-side.jpg,597.286
2022040815+AF8-side.jpg,240.133
2022021808+AF8-side.jpg,1460.864
2022050527+AF8-side.tif,1440.384
2022021811+AF8-side.jpg,1434.857
2022050303+AF8-side.tif,1394.359
2022042108+AF8-side.tif,1386.059
2022050225+AF8-side.tif,1365.536
2022021813+AF8-side.jpg,1356.493
2022050530+AF8-side.tif,1355.933
2022020402+AF8-side.jpg,1352.189
2022012725+AF8-side.jpg,1347.826
2022050223+AF8-side.tif,1339.194
2022021807+AF8-side.jpg,1339.130
2022020407+AF8-side.jpg,1334.753
2022020803+AF8-side.jpg,1334.325
2022042110+AF8-side.tif,1333.333
2022012724+AF8-side.jpg,1330.548
2022050230+AF8-side.tif,1330.441
2022050236+AF8-side.tif,1321.689
2022050231+AF8-side.tif,1321.689
2022050232+AF8-side.tif,1313.636
2022050228+AF8-side.tif,1313.024
2022030402+AF8-side.tif,1313.016
2022021822+AF8-side.jpg,1313.016
2022031112+AF8-side.tif,1304.461
2022030401+AF8-side.tif,1304.436
2022050235+AF8-side.tif,1295.875
2022021818+AF8-side.jpg,1287.663
2022050234+AF8-side.tif,1286.768
2022050305+AF8-side.tif,1281.072
2022020406+AF8-side.jpg,1273.280
2022050452+AF8-side.tif,1266.406
2022021824+AF8-side.jpg,1260.963
2022050233+AF8-side.tif,1260.421
2022050226+AF8-side.tif,1260.391
2022020802+AF8-side.jpg,1255.809
2022042111+AF8-side.tif,1254.902
2022050634+AF8-side.jpg,1253.257
2022012722+AF8-side.jpg,1252.204
2022031516+AF8-side.jpg,1243.659
2022031517+AF8-side.jpg,1243.509
2022012723+AF8-side.jpg,1243.509
2022021107+AF8-side.jpg,1243.509
2022050227+AF8-side.tif,1243.378
2022050528+AF8-side.tif,1242.747
2022050224+AF8-side.tif,1234.133
2022050455+AF8-side.tif,1231.441
2022030404+AF8-side.tif,1229.141
2022042243+AF8-side.tif,1226.852
2022021809+AF8-side.jpg,1226.338
2022021821+AF8-side.jpg,1226.092
2022050634+AF8-side.jpg,1222.707
2022020401+AF8-side.jpg,1220.956
2022030403+AF8-side.tif,1217.396
2022050229+AF8-side.tif,1216.659
2022020404+AF8-side.jpg,1212.204
2022021819+AF8-side.jpg,1208.951
2022021105+AF8-side.jpg,1208.821
2022031516+AF8-side.jpg,1208.696
2022020403+AF8-side.jpg,1203.989
2022031820+AF8-side.jpg,1200.126
2023042806+AF8-side.tif,1195.721
2022031825+AF8-side.jpg,1194.895
2022012720+AF8-side.jpg,1192.097
2022021117+AF8-side.jpg,1192.097
2022021104+AF8-side.jpg,1191.336
2022021114+AF8-side.jpg,1191.304
2022040839+AF8-side.jpg,1189.580
2022041501+AF8-side.tif,1184.448
2022031825+AF8-side.jpg,1182.896
2022021116+AF8-side.jpg,1182.737
2022021812+AF8-side.jpg,1182.711
2022021115+AF8-side.jpg,1182.609
2022042213+AF8-side.tif,1177.799
2022031820+AF8-side.jpg,1177.455
2022042504+AF8-side.tif,1174.198
2022021820+AF8-side.jpg,1173.920
2022021106+AF8-side.jpg,1173.913
2022050531+AF8-side.tif,1172.137
2023042803+AF8-side.tif,1166.799
2022030411+AF8-side.tif,1165.225
2022021826+AF8-side.jpg,1165.225
2022021814+AF8-side.jpg,1165.225
2022021113+AF8-side.jpg,1165.217
2022040811+AF8-side.jpg,1164.049
2022040810+AF8-side.jpg,1164.049
2022040821+AF8-side.jpg,1159.912
2022050310+AF8-side.tif,1159.039
2023042811+AF8-side.tif,1157.895
2022050314+AF8-side.tif,1151.940
2022050308+AF8-side.tif,1151.940
2022042501+AF8-side.tif,1148.118
2022042204+AF8-side.tif,1147.854
2022031815+AF8-side.jpg,1147.826
2022042236+AF8-side.tif,1147.821
2022040829+AF8-side.jpg,1146.198
2022042240+AF8-side.tif,1144.721
2022031815+AF8-side.jpg,1142.442
2022050306+AF8-side.tif,1141.743
2022041527+AF8-side.tif,1141.645
2022041507+AF8-side.tif,1140.912
2022042241+AF8-side.tif,1139.955
2022050302+AF8-side.tif,1134.536
2022040811+AF8-side.jpg,1133.716
2022042104+AF8-side.tif,1133.032
2022042202+AF8-side.tif,1130.965
2022031821+AF8-side.jpg,1130.468
2022021118+AF8-side.jpg,1130.468
2022021801+AF8-side.jpg,1130.411
2022040838+AF8-side.jpg,1129.333
2022040833+AF8-side.jpg,1129.333
2022040808+AF8-side.jpg,1128.932
2022040837+AF8-side.jpg,1128.832
2022031515+AF8-side.jpg,1126.077
2022031821+AF8-side.jpg,1125.135
2022041528+AF8-side.tif,1124.723
2022042106+AF8-side.tif,1124.183
2022042105+AF8-side.tif,1124.183
2021120809+AF8-side.jpg,1122.405
2022042237+AF8-side.tif,1121.869
2022030409+AF8-side.tif,1121.850
2022040828+AF8-side.jpg,1120.149
2022040808+AF8-side.jpg,1116.308
2022050301+AF8-side.tif,1116.010
2023042808+AF8-side.tif,1115.726
2022020201+AF8-side.jpg,1114.960
2023042807+AF8-side.tif,1114.588
2022030414+AF8-side.tif,1113.156
2022031110+AF8-side.tif,1113.075
2022042238+AF8-side.tif,1113.073
2022040802+AF8-side.jpg,1111.467
2022040821+AF8-side.jpg,1111.433
2022040807+AF8-side.jpg,1111.433
2022053108+AF8-side.tif,1109.308
2022030802+AF8-side.tif,1109.168
2022041530+AF8-side.tif,1108.947
2022040810+AF8-side.jpg,1107.691
2022031108+AF8-side.tif,1106.021
2023042804+AF8-side.tif,1105.263
2022042207+AF8-side.tif,1104.377
2022030407+AF8-side.tif,1104.359
2022042234+AF8-side.tif,1104.343
2022021804+AF8-side.jpg,1104.324
2022030804+AF8-side.tif,1101.300
2022053104+AF8-side.tif,1100.437
2022031824+AF8-side.jpg,1098.976
2022031818+AF8-side.jpg,1098.872
2023042802+AF8-side.tif,1096.491
2022012721+AF8-side.jpg,1096.204
2022030412+AF8-side.tif,1096.181
2022042239+AF8-side.tif,1095.958
2022031824+AF8-side.jpg,1095.790
2022031111+AF8-side.tif,1095.684
2022040805+AF8-side.jpg,1094.204
2021120806+AF8-side.jpg,1093.821
2022050529+AF8-side.tif,1093.430
2022053102+AF8-side.tif,1092.576
2022052434+AF8-side.tif,1091.843
2022020408+AF8-side.jpg,1090.251
2022041506+AF8-side.tif,1089.087
2022041514+AF8-side.tif,1088.530
2022042505+AF8-side.tif,1087.091
2022042507+AF8-side.tif,1086.987
2022030406+AF8-side.tif,1086.933
2022030803+AF8-side.tif,1084.234
2022053103+AF8-side.tif,1083.110
2022053101+AF8-side.tif,1082.969
2022040814+AF8-side.jpg,1081.707
2023042812+AF8-side.tif,1079.518
2022042214+AF8-side.tif,1078.572
2022021802+AF8-side.jpg,1078.378
2022031818+AF8-side.jpg,1078.296
2022042235+AF8-side.tif,1078.256
2022040814+AF8-side.jpg,1077.015
2022040813+AF8-side.jpg,1076.700
2022042220+AF8-side.tif,1075.518
2022042210+AF8-side.tif,1075.518
2022040815+AF8-side.jpg,1074.406
2022053109+AF8-side.tif,1074.271
2022030426+AF8-side.tif,1074.233
2022031511+AF8-side.jpg,1072.877
2022050326+AF8-side.tif,1072.778
2022040805+AF8-side.jpg,1072.705
2021121402+AF8-side.jpg,1072.452
2022042102+AF8-side.tif,1072.214
2022050328+AF8-side.tif,1071.928
2022050429+AF8-side.tif,1071.259
2022041504+AF8-side.tif,1071.148
2022042520+AF8-side.tif,1069.879
2022031107+AF8-side.tif,1069.704
2022042502+AF8-side.tif,1069.596
2022042223+AF8-side.tif,1069.596
2022030801+AF8-side.tif,1065.535
2022042222+AF8-side.tif,1065.169
2022040802+AF8-side.jpg,1064.842
2022040807+AF8-side.jpg,1064.092
2022020411+AF8-side.jpg,1063.985
2022040813+AF8-side.jpg,1063.949
2021120807+AF8-side.jpg,1063.815
2022050322+AF8-side.tif,1063.178
2022031805+AF8-side.jpg,1061.440
2022030413+AF8-side.tif,1061.417
2022031109+AF8-side.tif,1061.188
2022020818+AF8-side.jpg,1061.012
2022012714+AF8-side.jpg,1060.870
2022052433+AF8-side.tif,1056.769
2022020416+AF8-side.jpg,1055.372
2022050318+AF8-side.tif,1054.608
2021121406+AF8-side.jpg,1054.492
2022041518+AF8-side.tif,1053.733
2022042227+AF8-side.tif,1052.313
2022021815+AF8-side.jpg,1052.295
2022021817+AF8-side.jpg,1052.152
2022031514+AF8-side.jpg,1050.362
2022042212+AF8-side.tif,1049.291
2022050321+AF8-side.tif,1048.070
2022052402+AF8-side.tif,1048.035
2022041529+AF8-side.tif,1045.752
2023042814+AF8-side.tif,1044.007
2023042809+AF8-side.tif,1043.860
2022031814+AF8-side.jpg,1043.804
2022020815+AF8-side.jpg,1043.623
2022042206+AF8-side.tif,1043.619
2022040823+AF8-side.jpg,1042.113
2022040812+AF8-side.jpg,1041.968
2022042226+AF8-side.tif,1041.915
2022031823+AF8-side.jpg,1041.449
2022020414+AF8-side.jpg,1039.580
2022052440+AF8-side.tif,1039.448
2022030806+AF8-side.tif,1039.446
2022052426+AF8-side.tif,1039.338
2022030805+AF8-side.tif,1039.336
2022042245+AF8-side.tif,1039.162
2021120917+AF8-side.jpg,1037.942
2022050315+AF8-side.tif,1037.181
2021120101+AF8-side.jpg,1037.178
2022020814+AF8-side.jpg,1034.929
2021121730+AF8-side.jpg,1034.120
2022040835+AF8-side.jpg,1033.285
2021121737+AF8-side.jpg,1031.791
2022030809+AF8-side.tif,1030.713
2022052514+AF8-side.tif,1030.568
2022030422+AF8-side.tif,1030.565
2021120108+AF8-side.jpg,1029.165
2021120805+AF8-side.jpg,1028.470
2022050329+AF8-side.tif,1028.468
2022042219+AF8-side.tif,1028.438
2021120803+AF8-side.jpg,1028.359
2022050343+AF8-side.tif,1028.320
2022050316+AF8-side.tif,1028.320
2022042208+AF8-side.tif,1028.070
2022041508+AF8-side.tif,1027.904
2022050413+AF8-side.tif,1027.576
2022030416+AF8-side.tif,1026.986
2022042201+AF8-side.tif,1026.672
2022042215+AF8-side.tif,1026.230
2021120804+AF8-side.jpg,1025.086
2022030808+AF8-side.tif,1023.659
2021121717+AF8-side.jpg,1023.157
2022042230+AF8-side.tif,1022.724
2022053107+AF8-side.tif,1021.871
2022052423+AF8-side.tif,1021.871
2022031805+AF8-side.jpg,1021.690
2022040823+AF8-side.jpg,1020.941
2022031814+AF8-side.jpg,1020.684
2022020810+AF8-side.jpg,1020.204
2022020811+AF8-side.jpg,1019.943
2022050313+AF8-side.tif,1019.754
2022050323+AF8-side.tif,1019.643
2022042228+AF8-side.tif,1017.981
2022042211+AF8-side.tif,1017.721
2023042813+AF8-side.tif,1017.582
2022012710+AF8-side.jpg,1017.540
2022012708+AF8-side.jpg,1017.540
2022030405+AF8-side.tif,1017.407
2022040824+AF8-side.jpg,1016.067
2022040840+AF8-side.jpg,1015.919
2022042224+AF8-side.tif,1015.006
2022052438+AF8-side.tif,1014.041
2022050312+AF8-side.tif,1012.730
2022032402+AF8-side.tif,1012.229
2022031804+AF8-side.jpg,1011.966
2022042911+AF8-side.tif,1011.965
2021121743+AF8-side.jpg,1011.778
2022041503+AF8-side.tif,1010.193
2022050406+AF8-side.tif,1010.160
2022041521+AF8-side.tif,1010.155
2022031823+AF8-side.jpg,1008.733
2022031804+AF8-side.jpg,1008.696
2022011429+AF8-side.jpg,1008.696
2022040819+AF8-side.jpg,1007.236
2022050244+AF8-side.tif,1006.600
2021121722+AF8-side.jpg,1005.929
2022052436+AF8-side.tif,1004.519
2022052430+AF8-side.tif,1004.405
2022031817+AF8-side.jpg,1003.059
2022050320+AF8-side.tif,1002.517
2022050353+AF8-side.tif,1002.176
2022042522+AF8-side.tif,1001.847
2022031817+AF8-side.jpg,1000.000
2023121409+AF8-side.tif,1058.407149657
2023121408+AF8-side.tif,1083.365384141
2023121407+AF8-side.tif,1004.581518732
2023121405+AF8-side.tif,1037.709148932
2023121404+AF8-side.tif,1081.488814346
2023121403+AF8-side.tif,1109.116264820
2023121402+AF8-side.tif,1066.796867054
2023121401+AF8-side.tif,1194.024473972
2024010504+AF8-side.tif,944.134568683
2024010505+AF8-side.tif,927.452778386
2024010506+AF8-side.tif,954.539481115
2024010501+AF8-side.tif,1048.597255357
2024010502+AF8-side.tif,906.537040774
2024010503+AF8-side.tif,990.113581904
2024010411+AF8-side.tif,1012.009904965
2024010412+AF8-side.tif,994.571773323
2024010413+AF8-side.tif,1080.426714348
2024010408+AF8-side.tif,1081.992398934
2024010409+AF8-side.tif,1056.927316039
2024010410+AF8-side.tif,1040.343086962
2024010406+AF8-side.tif,1094.524943666
2024010407+AF8-side.tif,1065.798263533
2024010405+AF8-side.tif,1077.936317029
2024010403+AF8-side.tif,1086.194014387
2024010404+AF8-side.tif,1073.702388015
2024010401+AF8-side.tif,1140.500578210
2024010402+AF8-side.tif,898.259756507
2024010306+AF8-side.tif,952.626987028
2024010305+AF8-side.tif,981.803229895
2024010304+AF8-side.tif,1003.863447453
2024010303+AF8-side.tif,927.424552442
2024010302+AF8-side.tif,977.554618245
2024010301+AF8-side.tif,969.415657673
2023121910+AF8-side.tif,1031.887611627
2023121909+AF8-side.tif,994.264650991
2023121908+AF8-side.tif,1148.855447023
2023121907+AF8-side.tif,1102.998647692
2023121906+AF8-side.tif,990.087142330
2023121905+AF8-side.tif,1086.169913608
2023121904+AF8-side.tif,1052.741514360
2023121902+AF8-side.tif,1119.582245431
2023121901+AF8-side.tif,1115.787966736
2023121507+AF8-side.tif,1147.327768628
2023121506+AF8-side.tif,1040.284372359
2023121505+AF8-side.tif,994.571773323
2023121504+AF8-side.tif,1115.529862625
2023121503+AF8-side.tif,1040.217265897
2023121502+AF8-side.tif,1027.812086375
2023121501+AF8-side.tif,981.723237598
2024020208+AF8-side.tif,794.655153710
2024020207+AF8-side.tif,821.074380991
2024020206+AF8-side.tif,769.666295804
2024020205+AF8-side.tif,798.792191698
2024020204+AF8-side.tif,794.493534410
2024020203+AF8-side.tif,827.596551659
2024020202+AF8-side.tif,777.942039541
2024020201+AF8-side.tif,806.938990926
2024020103+AF8-side.tif,773.804167356
2024020102+AF8-side.tif,769.666295804
2024020101+AF8-side.tif,764.252450027
2024012504+AF8-side.tif,782.112751921
2024012503+AF8-side.tif,790.344827586
2024012502+AF8-side.tif,819.320794082
2024012501+AF8-side.tif,782.068965517
