Label,Area,forme,taille,texture,qualite
2021021701upsidedown.jpg,258878.129,rectangulaire,restreint,sec,ok
2021021702upsidedown.jpg,110554.542,rectangulaire,fragmente,sec,imprecis
2021021703upsidedown.jpg,64048.821,rectangulaire,frangmente,sec,imprecis
2021021704upsidedown.jpg,468683.933,rectangulaire,restreint,sec,ok
2021031901upsidedown.jpg,276602.565,michelin,restreint,humide,ok
2021031902upsidedown.jpg,385153.111,rectangulaire,restreint,humide,ok
2021031903upsidedown.jpg,329678.23,rectangulaire,restreint,sec,ok
2021031904upsidedown.jpg,486310.727,rectangulaire,long,humide,ok
2021031905upsidedown.jpg,159487.377,rectangulaire,restreint,sec,ok
2021031906upsidedown.jpg,0,NA,NA,NA,NA
2021031907upsidedown.jpg,0,NA,NA,NA,NA
2021031908upsidedown.jpg,0,NA,NA,NA,NA
2021041602+AF8-upsidedown.jpg,95684.987,intermediaire,frangmente,sec,ok
2021041603+AF8-upsidedown.jpg,130826.982,rectangulaire,restreint,humide,ok
2021041604+AF8-upsidedown.jpg,202268.735,intermediaire,restreint,sec,ok
2021042101+AF8-down.jpg,35104.164,rectangulaire,restreint,sec,doute
2021042102+AF8-down.jpg,93788.751,rectangulaire,restreint,sec,doute
2021042103+AF8-down.jpg,0,NA,NA,NA,NA
2021042104+AF8-down.jpg,0,NA,NA,NA,NA
2021042105+AF8-down.jpg,295642.849,rectangulaire,restreint,sec,ok
2021042106+AF8-down.jpg,0,NA,NA,NA,NA
2021042108+AF8-down.jpg,0,NA,NA,NA,NA
2021042109+AF8-down.jpg,239331.033,rectangulaire,restreint,sec,ok
2021042110+AF8-down.jpg,93043.99,rectangulaire,restreint,sec,ok
2021042111+AF8-down.jpg,329190.018,rectangulaire,restreint,sec,ok
2021042112+AF8-down.jpg,0,NA,NA,NA,NA
2021042113+AF8-down.jpg,119207.527,rectangulaire,restreint,sec,imprecis
2021042301+AF8-down.jpg,77244.506,rectangulaire,restreint,sec,doute
2021042302+AF8-down.jpg,23503.941,rectangulaire,restreint,sec,doute
2021042303+AF8-down.jpg,36132.37,michelin,frangmente,sec,ok
2021042305+AF8-down.jpg,0,NA,NA,NA,NA
2021042306+AF8-down.jpg,0,NA,NA,NA,NA
2021042307+AF8-down.jpg,303310.109,rectangulaire,frangmente,sec,imprecis
2021042308+AF8-down.jpg,86725.126,rectangulaire,frangmente,sec,imprecis
2021042310+AF8-down.jpg,137522.467,rectangulaire,frangmente,sec,ok
2021042311+AF8-down.jpg,37452.868,rectangulaire,frangmente,sec,ok
2021050401+AF8-down.jpg,0,NA,NA,NA,NA
2021050402+AF8-down.jpg,0,NA,NA,NA,NA
2021050403+AF8-down.jpg,0,NA,NA,NA,NA
2021050404+AF8-down.jpg,0,NA,NA,NA,NA
2021050405+AF8-down.jpg,165583.058,rectangulaire,restreint,sec,ok
2021050406+AF8-down.jpg,0,NA,NA,NA,NA
2021050407+AF8-down.jpg,0,NA,NA,NA,NA
2021050408+AF8-down.jpg,0,NA,NA,NA,NA
2021050409+AF8-down.jpg,151458.875,intermediaire,restreint,sec,doute
2021050410+AF8-down.jpg,20766.107,rectangulaire,frangmente,sec,doute
2021050411+AF8-down.jpg,92760.362,rectangulaire,restreint,sec,imprecis
2021050412+AF8-down.jpg,121736.932,intermediaire,frangmente,sec,imprecis
2021050413+AF8-down.jpg,0,NA,NA,NA,NA
2021050415+AF8-down.jpg,94410.985,intermediaire,frangmente,sec,ok
2021050416+AF8-down.jpg,282112.391,intermediaire,restreint,sec,ok
2021050417+AF8-down.jpg,214543.79,intermediaire,restreint,sec,ok
2021050418+AF8-down.jpg,107997.239,intermediaire,restreint,sec,ok
2021050419+AF8-down.jpg,0,NA,NA,NA,NA
2021050420+AF8-down.jpg,0,NA,NA,NA,NA
2021050421+AF8-down.jpg,0,NA,NA,NA,NA
2021050422+AF8-down.jpg,52973.374,rectangulaire,restreint,sec,ok
2021052101+AF8-down.jpg,0,NA,NA,NA,NA
2021052102+AF8-down.jpg,163490.719,rectangulaire,restreint,sec,ok
2021052103+AF8-down.jpg,0,NA,NA,NA,NA
2021052104+AF8-down.jpg,0,NA,NA,NA,NA
2021052105+AF8-down.jpg,195331.469,rectangulaire,restreint,sec,ok
2021052107+AF8-down.jpg,0,NA,NA,NA,NA
2021052108+AF8-down.jpg,227520.942,rectangulaire,restreint,sec,ok
2021052109+AF8-down.jpg,0,NA,NA,NA,NA
2021052110+AF8-down.jpg,0,NA,NA,NA,NA
2021052111+AF8-down.jpg,0,NA,NA,NA,NA
2021052112+AF8-down.jpg,0,NA,NA,NA,NA
2021052113+AF8-down.jpg,0,NA,NA,NA,NA
2021052114+AF8-down.jpg,0,NA,NA,NA,NA
2021052115+AF8-down.jpg,0,NA,NA,NA,NA
2021052116+AF8-down.jpg,128395.22,rectangulaire,restreint,sec,ok
2021052801+AF8-down.jpg,0,NA,NA,NA,NA
2021052802+AF8-down.jpg,0,NA,NA,NA,NA
2021052803+AF8-down.jpg,283014.421,rectangulaire,restreint,sec,ok
2021052804+AF8-down.jpg,0,NA,NA,NA,NA
2021052805+AF8-down.jpg,0,NA,NA,NA,NA
2021052806+AF8-down.jpg,0,NA,NA,NA,NA
2021052807+AF8-down.jpg,101362.2,rectangulaire,restreint,sec,imprecis
2021052808+AF8-down.jpg,372008.573,rectangulaire,restreint,sec,imprecis
2021052809+AF8-down.jpg,224340.586,rectangulaire,restreint,sec,imprecis
2021052810+AF8-down.jpg,369832.54,rectangulaire,restreint,sec,imprecis
2021060301+AF8-down.jpg,131426.786,rectangulaire,frangmente,sec,imprecis
2021060302+AF8-down.jpg,0,NA,NA,NA,NA
2021060303+AF8-down.jpg,101822.514,rectangulaire,frangmente,sec,imprecis
2021060901+AF8-down.jpg,35820.843,rectangulaire,restreint,sec,ok
2021060902+AF8-down.jpg,0,NA,NA,NA,NA
2021060903+AF8-down.jpg,190709.724,rectangulaire,restreint,sec,ok
2021060904+AF8-down.jpg,307234.407,rectangulaire,restreint,sec,ok
2021060905+AF8-down.jpg,57013.913,rectangulaire,frangmente,sec,ok
2021060906+AF8-down.jpg,0,NA,NA,NA,NA
2021060907+AF8-down.jpg,163778.997,rectangulaire,frangmente,sec,ok
2021060908+AF8-down.jpg,159426.932,rectangulaire,frangmente,sec,ok
2021060909+AF8-down.jpg,68335.791,michelin,frangmente,sec,ok
2021060910+AF8-down.jpg,170920.847,michelin,frangmente,sec,ok
2021060911+AF8-down.jpg,634371.226,rectangulaire,restreint,sec,ok
2021060912+AF8-down.jpg,0,NA,NA,NA,NA
2021060913+AF8-down.jpg,0,NA,NA,NA,NA
2021060914+AF8-down.jpg,0,NA,NA,NA,NA
2021060915+AF8-down.jpg,0,NA,NA,NA,NA
2021060916+AF8-down.jpg,0,NA,NA,NA,NA
2021060917+AF8-down.jpg,0,NA,NA,NA,NA
2021060918+AF8-down.jpg,353327.383,rectangulaire,restreint,sec,doute
2021060919+AF8-down.jpg,414212.654,rectangulaire,restreint,sec,ok
2021060920+AF8-down.jpg,0,NA,NA,NA,NA
2021060921+AF8-down.jpg,0,NA,NA,NA,NA
2021060922+AF8-down.jpg,0,NA,NA,NA,NA
2021062202+AF8-down.jpg,721625.624,rectangulaire,restreint,sec,ok
2021062203+AF8-down.jpg,696844.316,rectangulaire,restreint,sec,ok
2021062204+AF8-down.jpg,616943.03,rectangulaire,restreint,sec,ok
2021062205+AF8-down.jpg,1364408.506,rectangulaire,restreint,sec,ok
2021062206+AF8-down.jpg,868045.156,rectangulaire,restreint,sec,ok
2021062207+AF8-down.jpg,561898.661,rectangulaire,frangmente,sec,ok
2021062208+AF8-down.jpg,619721.712,rectangulaire,frangmente,sec,ok
2021070101+AF8-down.jpg,361096.351,rectangulaire,frangmente,sec,ok
2021070102+AF8-down.jpg,371927.54,rectangulaire,frangmente,sec,ok
2021070103+AF8-down.jpg,695218.693,rectangulaire,frangmente,sec,ok
2021070104+AF8-down.jpg,1015863.481,rectangulaire,frangmente,sec,imprecis
2021070105+AF8-down.jpg,898875.295,rectangulaire,frangmente,sec,imprecis
2021070106+AF8-down.jpg,3184842.216,rectangulaire,restreint,sec,imprecis
2021070107+AF8-down.jpg,1995604.096,intermediaire,restreint,sec,ok
2021070108+AF8-down.jpg,2497524.81,rectangulaire,restreint,sec,ok
2021111801+AF8-glue.jpg,889802.048,rectangulaire,restreint,sec,ok
2021111802+AF8-glue.jpg,1325393.542,rectangulaire,restreint,sec,ok
2021111803+AF8-glue.jpg,0,rectangulaire,long,sec,ok
2021111804+AF8-glue.jpg,188156.472,rectangulaire,frangmente,sec,doute
2021111805+AF8-glue.jpg,1006242.058,rectangulaire,restreint,sec,ok
2021111806+AF8-glue.jpg,22021.528,rectangulaire,restreint,sec,doute
2021111807+AF8-glue.jpg,54552.901,rectangulaire,restreint,sec,doute
2021111808+AF8-glue.jpg,845664.479,rectangulaire,restreint,humide,ok
2021111809+AF8-glue.jpg,1330346.023,rectangulaire,restreint,sec,ok
2021112401+AF8-down.jpg,497384.09,rectangulaire,restreint,sec,ok
2021112402+AF8-down.jpg,720737.201,rectangulaire,restreint,sec,ok
2021112403+AF8-down.jpg,1055067.472,rectangulaire,frangmente,sec,doute
2021112404+AF8-down.jpg,1037072.197,rectangulaire,restreint,humide,ok
2021112405+AF8-down.jpg,932956.682,rectangulaire,restreint,humide,ok
2021112406+AF8-down.jpg,589609.871,rectangulaire,restreint,sec,ok
2021112407+AF8-down.jpg,1120583.88,rectangulaire,restreint,sec,ok
2021112408+AF8-down.jpg,708488.317,intermediaire,restreint,sec,imprecis
2021112409+AF8-down.jpg,1010514.046,rectangulaire,restreint,sec,imprecis
2021112410+AF8-down.jpg,1136915.726,rectangulaire,restreint,humide,ok
2021112411+AF8-down.jpg,841676.03,rectangulaire,restreint,sec,imprecis
2021112412+AF8-down.jpg,904281.439,rectangulaire,restreint,sec,ok
2021112413+AF8-down.jpg,811469.677,rectangulaire,restreint,humide,ok
2021112414+AF8-down.jpg,504094.513,rectangulaire,frangmente,sec,imprecis
2021112415+AF8-down.jpg,984995.537,rectangulaire,restreint,humide,ok
2021112416+AF8-down.jpg,910651.615,rectangulaire,restreint,humide,ok
2021112417+AF8-down.jpg,1023462.326,rectangulaire,restreint,humide,ok
2021112418+AF8-down.jpg,986885.797,rectangulaire,restreint,sec,ok
2021112419+AF8-down.jpg,0,rectangulaire,restreint,sec,ok
2021112420+AF8-down.jpg,858177.999,rectangulaire,restreint,humide,ok
2021112421+AF8-down.jpg,1555570.491,intermediaire,long,sec,ok
2021112422+AF8-down.jpg,1838410.081,rectangulaire,long,sec,ok
2021112423+AF8-down.jpg,265921.764,rectangulaire,frangmente,sec,doute
2021112424+AF8-down.jpg,1309061.696,intermediaire,long,sec,ok
2021112425+AF8-down.jpg,1090925.702,rectangulaire,long,sec,ok
2021120101+AF8-down.jpg,1232014.702,rectangulaire,restreint,sec,ok
2021120102+AF8-down.jpg,2454691.52,rectangulaire,long,humide,ok
2021120103+AF8-down.jpg,1845687.582,rectangulaire,long,humide,ok
2021120104+AF8-down.jpg,1680346.548,intermediaire,long,humide,ok
2021120105+AF8-down.jpg,1487275.4,intermediaire,long,humide,ok
2021120106+AF8-down.jpg,1354635.862,intermediaire,long,humide,ok
2021120107+AF8-down.jpg,1668986.086,intermediaire,long,humide,ok
2021120108+AF8-down.jpg,1514381.727,intermediaire,long,humide,ok
2021120109+AF8-down.jpg,1386959.307,rectangulaire,long,humide,ok
2021120110+AF8-down.jpg,1987457.075,rectangulaire,long,humide,ok
2021120111+AF8-down.jpg,1427202.94,intermediaire,long,sec,ok
2021120112+AF8-down.jpg,1729871.357,rectangulaire,long,humide,ok
2021120113+AF8-down.jpg,1462872.145,rectangulaire,long,humide,ok
2021120114+AF8-down.jpg,1410833.29,intermediaire,long,sec,ok
2021120115+AF8-down.jpg,1728510.37,rectangulaire,long,humide,ok
2021120116+AF8-down.jpg,1566552.901,rectangulaire,long,humide,ok
2021120117+AF8-down.jpg,1078015.227,intermediaire,long,sec,ok
2021120118+AF8-down.jpg,1551550.095,intermediaire,long,humide,ok
2021120119+AF8-down.jpg,2090945.18,rectangulaire,long,humide,ok
2021120120+AF8-down.jpg,1299206.049,intermediaire,long,humide,ok
2021120121+AF8-down.jpg,1522967.864,rectangulaire,long,humide,ok
2021120122+AF8-down.jpg,1796465.028,rectangulaire,long,humide,ok
2021120123+AF8-down.jpg,2013534.972,rectangulaire,long,humide,ok
2021120124+AF8-down.jpg,1320245.747,michelin,long,humide,ok
2021120125+AF8-down.jpg,1410037.807,intermediaire,long,humide,ok
2021120126+AF8-down.jpg,1528771.267,intermediaire,long,humide,ok
2021120127+AF8-down.jpg,1603931.947,intermediaire,long,humide,ok
2021120128+AF8-down.jpg,1826918.715,intermediaire,long,humide,ok
2021120129+AF8-down.jpg,1267769.376,intermediaire,long,humide,ok
2021120201+AF8-down.jpg,1150586.011,rectangulaire,long,humide,ok
2021120202+AF8-down.jpg,1111474.48,rectangulaire,long,humide,ok
2021120203+AF8-down.jpg,1202098.299,rectangulaire,long,humide,ok
2021120204+AF8-down.jpg,623648.393,rectangulaire,restreint,humide,ok
2021120205+AF8-down.jpg,937561.437,rectangulaire,long,humide,ok
2021120206+AF8-down.jpg,859054.82,rectangulaire,long,humide,ok
2021120207+AF8-down.jpg,1408317.58,rectangulaire,long,sec,ok
2021120301+AF8-down.tif,1046843.1,rectangulaire,long,humide,ok
2021120302+AF8-down.tif,929924.386,rectangulaire,long,humide,ok
2021120303+AF8-down.tif,1528865.784,rectangulaire,long,humide,ok
2021120304+AF8-down.tif,1062117.202,rectangulaire,long,humide,ok
2021120305+AF8-down.tif,1153931.947,rectangulaire,long,humide,ok
2021120306+AF8-down.tif,869603.025,rectangulaire,long,humide,ok
2021120307+AF8-down.tif,1131096.408,rectangulaire,long,humide,ok
2021120308+AF8-down.tif,1080472.59,rectangulaire,long,humide,ok
2021120309+AF8-down.tif,1114196.597,rectangulaire,long,humide,ok
2021120310+AF8-down.tif,1162835.539,rectangulaire,long,humide,ok
2021120311+AF8-down.tif,991474.48,rectangulaire,long,humide,ok
2021120312+AF8-down.tif,900378.072,rectangulaire,long,humide,ok
2021120313+AF8-down.tif,1286918.715,rectangulaire,long,humide,ok
2021120314+AF8-down.tif,1063459.357,rectangulaire,long,humide,ok
2021120315+AF8-down.tif,1054423.44,rectangulaire,long,humide,ok
2021120316+AF8-down.tif,973194.707,rectangulaire,long,humide,ok
2021120317+AF8-down.tif,653043.478,intermediaire,long,humide,ok
2021120318+AF8-down.tif,695141.777,intermediaire,long,humide,ok
2021120319+AF8-down.tif,1030113.422,rectangulaire,long,humide,ok
2021120320+AF8-down.tif,1136030.246,rectangulaire,long,humide,ok
2021120321+AF8-down.tif,1064291.115,rectangulaire,long,humide,ok
2021120322+AF8-down.tif,1057863.894,rectangulaire,long,humide,ok
2021120801+AF8-down.jpg,343062.382,michelin,restreint,sec,ok
2021120802+AF8-down.jpg,801153.119,rectangulaire,long,humide,ok
2021120803+AF8-down.jpg,1148071.834,michelin,long,humide,ok
2021120804+AF8-down.jpg,1129111.531,rectangulaire,long,humide,imprecis
2021120805+AF8-down.jpg,496408.318,intermediaire,restreint,humide,ok
2021120806+AF8-down.jpg,770075.614,intermediaire,restreint,humide,ok
2021120807+AF8-down.jpg,0,NA,NA,NA,NA
2021120809+AF8-down.jpg,974612.476,rectangulaire,restreint,humide,ok
2021120901+AF8-down.jpg,0,NA,NA,NA,NA
2021120903+AF8-down.jpg,0,NA,NA,NA,NA
2021120904+AF8-down.jpg,2893251.418,michelin,long,sec,doute
2021120905+AF8-down.jpg,704669.187,michelin,long,sec,doute
2021120906+AF8-down.jpg,1047882.798,intermediaire,long,sec,ok
2021120907+AF8-down.jpg,803289.225,intermediaire,long,sec,ok
2021120908+AF8-down.jpg,1927580.34,intermediaire,long,humide,ok
2021120909+AF8-down.jpg,2020793.951,intermediaire,long,humide,ok
2021120910+AF8-down.jpg,2079848.771,intermediaire,long,humide,ok
2021120911+AF8-down.jpg,1681115.312,intermediaire,long,humide,ok
2021120912+AF8-down.jpg,1581266.541,intermediaire,long,humide,ok
2021120913+AF8-down.jpg,1234839.319,michelin,long,sec,ok
2021120914+AF8-down.jpg,1582703.214,intermediaire,long,humide,ok
2021120915+AF8-down.jpg,2049451.796,intermediaire,long,humide,ok
2021120916+AF8-down.jpg,1780548.204,intermediaire,long,humide,ok
2021120917+AF8-down.jpg,1831285.444,intermediaire,long,humide,ok
2021120918+AF8-down.jpg,1940812.854,intermediaire,long,humide,ok
2021120919+AF8-down.jpg,2221701.323,intermediaire,long,humide,ok
2021121401+AF8-down.jpg,1020.794,NA,NA,NA,NA
2021121402+AF8-down.jpg,0,NA,NA,NA,NA
2021121405+AF8-down.jpg,1217618.147,NA,NA,NA,NA
2021121406+AF8-down.jpg,911398.866,NA,NA,NA,NA
2021121502+AF8-down.jpg,1568.998,NA,NA,NA,NA
2021121503+AF8-down.jpg,2608.696,NA,NA,NA,NA
2021121504+AF8-down.jpg,0,NA,NA,NA,NA
2021121505+AF8-down.jpg,1228.733,rectangulaire,long,humide,ok
2021121506+AF8-down.jpg,2797.732,rectangulaire,long,sec,ok
2021121701+AF8-down.jpg,1248846.881,rectangulaire,long,humide,ok
2021121702+AF8-down.jpg,1183648.393,rectangulaire,long,humide,ok
2021121703+AF8-down.jpg,1023497.164,rectangulaire,long,humide,ok
2021121704+AF8-down.jpg,950586.011,rectangulaire,long,humide,ok
2021121707+AF8-down.jpg,698752.363,rectangulaire,long,humide,ok
2021121708+AF8-down.jpg,1366200.378,intermediaire,long,humide,ok
2021121709+AF8-down.jpg,797618.147,intermediaire,long,humide,ok
2021121710+AF8-down.jpg,736181.474,intermediaire,long,humide,ok
2021121711+AF8-down.jpg,984688.091,intermediaire,long,humide,ok
2021121712+AF8-down.jpg,1222325.142,rectangulaire,long,humide,ok
2021121713+AF8-down.jpg,710756.144,intermediaire,long,humide,ok
2021121714+AF8-down.jpg,837958.412,rectangulaire,long,humide,ok
2021121715+AF8-down.jpg,779886.578,rectangulaire,long,humide,ok
2021121716+AF8-down.jpg,1196862.004,intermediaire,long,humide,ok
2021121717+AF8-down.jpg,1142003.781,rectangulaire,long,humide,ok
2021121718+AF8-down.jpg,954725.898,rectangulaire,long,humide,ok
2021121719+AF8-down.jpg,1147882.798,rectangulaire,long,humide,ok
2021121720+AF8-down.jpg,1046313.8,rectangulaire,long,humide,ok
2021121722+AF8-down.jpg,1307523.629,rectangulaire,long,humide,ok
2021121723+AF8-down.jpg,887977.316,rectangulaire,long,humide,ok
2021121724+AF8-down.jpg,1070453.686,rectangulaire,long,humide,ok
2021121725+AF8-down.jpg,959149.338,rectangulaire,long,humide,ok
2021121726+AF8-down.jpg,714480.151,rectangulaire,long,humide,ok
2021121727+AF8-down.jpg,709943.289,rectangulaire,long,humide,ok
2021121728+AF8-down.jpg,1016086.957,rectangulaire,long,humide,ok
2021121729+AF8-down.jpg,1392211.72,rectangulaire,long,humide,ok
2021121730+AF8-down.jpg,1224847.932,rectangulaire,long,humide,ok
2021121731+AF8-down.jpg,1036891.099,rectangulaire,long,humide,ok
2021121732+AF8-down.jpg,1111257.204,rectangulaire,long,humide,ok
2021121733+AF8-down.jpg,999140.944,rectangulaire,long,humide,ok
2021121734+AF8-down.jpg,1035378.825,rectangulaire,long,humide,ok
2021121735+AF8-down.jpg,740523.079,intermediaire,long,humide,ok
2021121736+AF8-down.jpg,732451.313,intermediaire,long,humide,ok
2021121737+AF8-down.jpg,664890.444,intermediaire,long,humide,ok
2021121738+AF8-down.jpg,0,NA,NA,NA,NA
2021121739+AF8-down.jpg,959008.956,rectangulaire,long,humide,ok
2021121740+AF8-down.jpg,973923.765,rectangulaire,long,humide,ok
2021121741+AF8-down.jpg,971920.001,rectangulaire,long,humide,ok
2021121742+AF8-down.jpg,912695.546,rectangulaire,long,humide,ok
2021121743+AF8-down.jpg,1457284.543,rectangulaire,long,humide,ok
2021121744+AF8-down.jpg,1163941.072,rectangulaire,long,humide,ok
2021121745+AF8-down.jpg,1143355.233,rectangulaire,long,humide,ok
2021121746+AF8-down.jpg,1104281.838,rectangulaire,long,humide,ok
2021122101+AF8-down.jpg,815021.508,rectangulaire,restreint,humide,ok
2021122102+AF8-down.jpg,758840.505,rectangulaire,restreint,humide,ok
2021122103+AF8-down.jpg,1514618.655,rectangulaire,long,sec,ok
2021122104+AF8-down.jpg,1238288.273,rectangulaire,long,humide,ok
2021122105+AF8-down.jpg,676516.055,intermediaire,long,humide,ok
2021122106+AF8-down.jpg,1191785.828,rectangulaire,long,humide,ok
2021122107+AF8-down.jpg,682621.864,intermediaire,long,humide,ok
2021122108+AF8-down.jpg,755664.729,intermediaire,long,humide,ok
2021122109+AF8-down.jpg,989670.324,rectangulaire,long,humide,ok
2021122110+AF8-down.jpg,806023.474,rectangulaire,long,sec,ok
2021122112+AF8-down.jpg,0,NA,NA,NA,NA
2021122113+AF8-down.jpg,0,NA,NA,NA,NA
2022011201+AF8-down.jpg,1339421.639,rectangulaire,long,humide,ok
2022011401+AF8-down.jpg,301320.72,intermediaire,restreint,sec,ok
2022011402+AF8-down.jpg,0,NA,NA,NA,NA
2022011403+AF8-down.jpg,96161.763,michelin,frangmente,sec,ok
2022011404+AF8-down.jpg,0,NA,NA,NA,NA
2022011406+AF8-down.jpg,0,NA,NA,NA,NA
2022011407+AF8-down.jpg,0,NA,NA,NA,NA
2022011408+AF8-down.jpg,81398.182,michelin,frangmente,sec,ok
2022011409+AF8-down.jpg,0,NA,NA,NA,NA
2022011410+AF8-down.jpg,0,NA,NA,NA,NA
2022011411+AF8-down.jpg,0,NA,NA,NA,NA
2022011412+AF8-down.jpg,1016721.137,intermediaire,long,humide,ok
2022011413+AF8-down.jpg,1468569.892,rectangulaire,long,humide,ok
2022011414+AF8-down.jpg,1489949.675,rectangulaire,long,humide,ok
2022011415+AF8-down.jpg,1394014.753,rectangulaire,long,humide,ok
2022011416+AF8-down.jpg,970294.305,rectangulaire,long,humide,ok
2022011417+AF8-down.jpg,658784.635,rectangulaire,restreint,humide,ok
2022011418+AF8-down.jpg,1357739.065,rectangulaire,long,humide,ok
2022011419+AF8-down.jpg,868631.644,rectangulaire,long,humide,ok
2022011420+AF8-down.jpg,0,NA,NA,NA,NA
2022011421+AF8-down.jpg,995227.933,rectangulaire,long,humide,ok
2022011422+AF8-down.jpg,1028762.623,rectangulaire,long,humide,ok
2022011423+AF8-down.jpg,671903.618,rectangulaire,long,sec,ok
2022011424+AF8-down.jpg,939519.517,rectangulaire,long,sec,ok
2022011425+AF8-down.jpg,1008195.688,intermediaire,long,humide,ok
2022011426+AF8-down.jpg,1208118.394,intermediaire,long,humide,ok
2022011427+AF8-down.jpg,1081068.422,intermediaire,long,sec,ok
2022011428+AF8-down.jpg,1134943.206,intermediaire,long,humide,ok
2022011429+AF8-down.jpg,0,NA,NA,NA,NA
2022011430+AF8-down.jpg,1049386.269,intermediaire,long,humide,ok
2022011431+AF8-down.jpg,1083922.84,intermediaire,long,humide,ok
2022012101+AF8-down.tif,199317.796,intermediaire,restreint,humide,ok
2022012102+AF8-down.tif,211983.096,michelin,restreint,sec,ok
2022012103+AF8-down.tif,748216.776,rectangulaire,long,sec,ok
2022012104+AF8-down.tif,299449.28,intermediaire,restreint,sec,ok
2022012105+AF8-down.tif,0,NA,NA,NA,NA
2022012106+AF8-down.tif,112607.75,rectangulaire,restreint,sec,ok
2022012107+AF8-down.tif,0,NA,NA,NA,NA
2022012108+AF8-down.tif,135594.324,intermediaire,restreint,sec,ok
2022012109+AF8-down.tif,226614.353,intermediaire,restreint,sec,ok
2022012110+AF8-down.tif,136728.53,intermediaire,restreint,sec,ok
2022012111+AF8-down.tif,634550.434,rectangulaire,restreint,sec,ok
2022012112+AF8-down.tif,872147.682,rectangulaire,long,sec,doute
2022012113+AF8-down.tif,648047.485,intermediaire,long,humide,ok
2022012114+AF8-down.tif,203608.875,intermediaire,frangmente,sec,ok
2022012115+AF8-down.tif,582698.318,intermediaire,long,humide,ok
2022012116+AF8-down.tif,0,NA,NA,NA,NA
2022012701+AF8-down.jpg,1122372.423,intermediaire,long,humide,ok
2022012702+AF8-down.jpg,1142296.641,intermediaire,long,sec,ok
2022012703+AF8-down.jpg,1336945.289,intermediaire,long,humide,ok
2022012704+AF8-down.jpg,799879.858,intermediaire,long,sec,ok
2022012705+AF8-down.jpg,1077930.452,intermediaire,long,humide,ok
2022012706+AF8-down.jpg,0,NA,NA,NA,NA
2022012707+AF8-down.jpg,0,NA,NA,NA,NA
2022012708+AF8-down.jpg,912166.249,intermediaire,long,humide,ok
2022012709+AF8-down.jpg,716269.975,rectangulaire,long,sec,ok
2022012710+AF8-down.jpg,1077.496,rectangulaire,long,sec,ok
2022012711+AF8-down.jpg,1444335.691,rectangulaire,long,sec,doute
2022012712+AF8-down.jpg,604323.845,rectangulaire,long,sec,ok
2022012713+AF8-down.jpg,1369478.097,intermediaire,long,sec,ok
2022012714+AF8-down.jpg,0,NA,NA,NA,NA
2022012715+AF8-down.jpg,0,NA,NA,NA,NA
2022012716+AF8-down.jpg,0,NA,NA,NA,NA
2022012717+AF8-down.jpg,226330.802,rectangulaire,restreint,humide,ok
2022012718+AF8-down.jpg,244515.904,rectangulaire,restreint,sec,ok
2022012719+AF8-down.jpg,194932.2,intermediaire,restreint,humide,ok
2022012720+AF8-down.jpg,2578163.595,intermediaire,long,sec,doute
2022012721+AF8-down.jpg,2346294.087,intermediaire,long,sec,doute
2022012722+AF8-down.jpg,2241587.972,rectangulaire,long,sec,doute
2022012723+AF8-down.jpg,2959332.415,rectangulaire,long,sec,doute
2022012724+AF8-down.jpg,2190813.352,intermediaire,long,sec,ok
2022012725+AF8-down.jpg,1918547.208,intermediaire,long,sec,ok
2022012726+AF8-down.jpg,466158.654,rectangulaire,restreint,humide,ok
2022012727+AF8-down.jpg,615911.65,rectangulaire,restreint,humide,ok
2022012728+AF8-down.jpg,472018.719,rectangulaire,restreint,humide,ok
2022012729+AF8-down.jpg,423039.924,intermediaire,long,humide,ok
2022012730+AF8-down.jpg,610902.24,intermediaire,restreint,humide,ok
2022012801+AF8-down.jpg,1008403.626,rectangulaire,restreint,humide,ok
2022012802+AF8-down.jpg,348390.268,rectangulaire,restreint,sec,ok
2022012803+AF8-down.jpg,594966.646,rectangulaire,restreint,sec,ok
2022012804+AF8-down.jpg,878158.974,rectangulaire,long,humide,ok
2022012805+AF8-down.jpg,630713.037,intermediaire,long,sec,ok
2022012806+AF8-down.jpg,735003.277,intermediaire,long,sec,ok
2022012807+AF8-down.jpg,444098.348,intermediaire,restreint,sec,ok
2022012808+AF8-down.jpg,454476.333,intermediaire,restreint,sec,ok
2022012809+AF8-down.jpg,396820.863,intermediaire,restreint,sec,ok
2022012810+AF8-down.jpg,437141.885,intermediaire,restreint,sec,ok
2022012811+AF8-down.jpg,458294.826,intermediaire,long,sec,ok
2022012812+AF8-down.jpg,752054.173,intermediaire,long,sec,ok
2022012813+AF8-down.jpg,280432.427,intermediaire,restreint,sec,ok
2022012814+AF8-down.jpg,202380.152,intermediaire,restreint,sec,ok
2022012815+AF8-down.jpg,0,NA,NA,NA,NA
2022012816+AF8-down.jpg,0,NA,NA,NA,NA
2022020201+AF8-down.jpg,1647661.015,rectangulaire,long,humide,ok
2022020202+AF8-down.jpg,1084716.785,intermediaire,long,sec,ok
2022020203+AF8-down.jpg,206633.425,intermediaire,frangmente,sec,ok
2022020204+AF8-down.jpg,361584.864,intermediaire,restreint,sec,ok
2022020205+AF8-down.jpg,1111994.438,rectangulaire,long,sec,ok
2022020206+AF8-down.jpg,787006.62,rectangulaire,long,sec,ok
2022020207+AF8-down.jpg,374722.75,intermediaire,restreint,sec,ok
2022020208+AF8-down.jpg,238769.26,intermediaire,restreint,sec,ok
2022020209+AF8-down.jpg,423247.862,intermediaire,restreint,sec,ok
2022020210+AF8-down.jpg,181246.114,intermediaire,restreint,sec,ok
2022020211+AF8-down.jpg,600108.38,intermediaire,long,humide,ok
2022020212+AF8-down.jpg,1427152.471,rectangulaire,long,humide,ok
2022020213+AF8-down.jpg,1060879.556,rectangulaire,long,humide,ok
2022020214+AF8-down.jpg,1103563.507,intermediaire,long,humide,ok
2022020216+AF8-down.jpg,698311.713,intermediaire,long,humide,ok
2022020217+AF8-down.jpg,920030.077,intermediaire,long,humide,ok
2022020218+AF8-down.jpg,1041436.253,intermediaire,long,humide,ok
2022020219+AF8-down.jpg,1065535.293,intermediaire,long,humide,ok
2022020220+AF8-down.jpg,1025240.866,intermediaire,long,humide,ok
2022020401+AF8-down.jpg,1756102.172,michelin,long,humide,ok
2022020402+AF8-down.jpg,0,NA,NA,NA,NA
2022020403+AF8-down.jpg,0,NA,NA,NA,NA
2022020404+AF8-down.jpg,2497225.453,michelin,long,humide,ok
2022020405+AF8-down.jpg,1649441.326,intermediaire,long,humide,ok
2022020406+AF8-down.jpg,1443332.926,intermediaire,long,humide,ok
2022020407+AF8-down.jpg,2144616.910,intermediaire,long,humide,ok
2022020408+AF8-down.jpg,2091200.169,intermediaire,long,humide,ok
2022020409+AF8-down.jpg,1556195.692,intermediaire,long,humide,ok
2022020410+AF8-down.jpg,2254582.736,rectangulaire,long,humide,ok
2022020411+AF8-down.jpg,2297481.961,intermediaire,long,humide,ok
2022020412+AF8-down.jpg,2293031.065,intermediaire,long,humide,ok
2022020413+AF8-down.jpg,2182484.960,intermediaire,long,humide,ok
2022020414+AF8-down.jpg,1861741.744,intermediaire,long,humide,ok
2022020415+AF8-down.jpg,2164018.620,intermediaire,long,humide,ok
2022020416+AF8-down.jpg,1927072.066,rectangulaire,long,humide,ok
2022020417+AF8-down.jpg,1751998.998,intermediaire,long,humide,ok
2022020418+AF8-down.jpg,2168692.463,intermediaire,long,humide,ok
2022020419+AF8-down.jpg,1806786.389,intermediaire,long,humide,ok
2022020801+AF8-down.jpg,1689036.811,michelin,long,humide,ok
2022020802+AF8-down.jpg,945269.021,michelin,long,humide,ok
2022020803+AF8-down.jpg,0,NA,NA,NA,NA
2022020804+AF8-down.jpg,467743.227,rectangulaire,restreint,sec,doute
2022020805+AF8-down.jpg,1054229.976,intermediaire,long,humide,ok
2022020806+AF8-down.jpg,946362.559,rectangulaire,long,sec,ok
2022020807+AF8-down.jpg,2404443.067,rectangulaire,long,humide,ok
2022020808+AF8-down.jpg,2299311.597,rectangulaire,long,humide,ok
2022020809+AF8-down.jpg,2737103.184,rectangulaire,long,humide,ok
2022020810+AF8-down.jpg,1757670.968,michelin,long,humide,ok
2022020811+AF8-down.jpg,1970805.843,michelin,long,humide,ok
2022020812+AF8-down.jpg,1789470.802,intermediaire,long,humide,ok
2022020813+AF8-down.jpg,1388601.134,michelin,long,humide,ok
2022020814+AF8-down.jpg,2402953.273,intermediaire,long,humide,ok
2022020815+AF8-down.jpg,1394411.722,intermediaire,long,humide,ok
2022020816+AF8-down.jpg,1662126.466,intermediaire,long,humide,ok
2022020817+AF8-down.jpg,1392082.103,intermediaire,long,humide,ok
2022020818+AF8-down.jpg,1874419.292,intermediaire,long,humide,ok
2022021101+AF8-down.jpg,1130351.937,intermediaire,long,humide,ok
2022021102+AF8-down.jpg,1134495.122,intermediaire,long,humide,ok
2022021103+AF8-down.jpg,891174.891,michelin,long,humide,bordure
2022021104+AF8-down.jpg,1096948.760,michelin,long,humide,ok
2022021105+AF8-down.jpg,1587067.926,intermediaire,long,humide,ok
2022021106+AF8-down.jpg,1893979.916,intermediaire,long,humide,ok
2022021107+AF8-down.jpg,1438204.159,intermediaire,long,humide,ok
2022021108+AF8-down.jpg,244204.196,rectangulaire,long,sec,bordure
2022021109+AF8-down.jpg,1104094.662,michelin,long,sec,ok
2022021110+AF8-down.jpg,933078.728,intermediaire,long,humide,ok
2022021111+AF8-down.jpg,921818.390,intermediaire,long,humide,ok
2022021112+AF8-down.jpg,1170567.350,intermediaire,long,humide,ok
2022021113+AF8-down.jpg,2050543.452,intermediaire,long,humide,ok
2022021114+AF8-down.jpg,1547206.983,intermediaire,long,humide,ok
2022021115+AF8-down.jpg,1808874.660,intermediaire,long,humide,ok
2022021116+AF8-down.jpg,1467062.485,intermediaire,long,humide,ok
2022021117+AF8-down.jpg,1919538.834,intermediaire,long,humide,ok
2022021118+AF8-down.jpg,1463507.823,rectangulaire,long,humide,ok
2022021119+AF8-down.jpg,40720,michelin,long,humide,ok
2022021120+AF8-down.jpg,55472,michelin,long,humide,ok
2022021121+AF8-down.jpg,54034,michelin,long,humide,ok
2022021122+AF8-down.jpg,42092,michelin,long,humide,ok
2022021123+AF8-down.jpg,55426,michelin,long,humide,ok
2022021124+AF8-down.jpg,47706,michelin,long,humide,ok
2022021125+AF8-down.jpg,53390,michelin,long,humide,ok
2022021128+AF8-down.jpg,44973,michelin,long,humide,ok
2022021129+AF8-down.jpg,55273,michelin,long,humide,ok
2022021130+AF8-down.jpg,47284,michelin,long,humide,ok
2022021131+AF8-down.jpg,35332,michelin,long,humide,ok
2022021801+AF8-down.jpg,0,NA,NA,NA,NA
2022021802+AF8-down.jpg,2764,rectangulaire,frangmente,sec,ok
2022021803+AF8-down.jpg,0,NA,NA,NA,NA
2022021804+AF8-down.jpg,61352,rectangulaire,long,sec,ok
2022021805+AF8-down.jpg,52649,rectangulaire,long,sec,ok
2022021806+AF8-down.jpg,98973,intermediaire,long,sec,ok
2022021807+AF8-down.jpg,103718,intermediaire,long,sec,ok
2022021808+AF8-down.jpg,80054,rectangulaire,long,sec,ok
2022021809+AF8-down.jpg,95311,rectangulaire,long,sec,ok
2022021810+AF8-down.jpg,31265,rectangulaire,frangmente,sec,ok
2022021811+AF8-down.jpg,142748,michelin,long,humide,ok
2022021812+AF8-down.jpg,85817,michelin,long,humide,ok
2022021813+AF8-down.jpg,113988,michelin,long,humide,ok
2022021814+AF8-down.jpg,58220,intermediaire,long,humide,ok
2022021815+AF8-down.jpg,95756,michelin,long,humide,ok
2022021816+AF8-down.jpg,71345,michelin,long,humide,ok
2022021817+AF8-down.jpg,70298,intermediaire,long,sec,ok
2022021818+AF8-down.jpg,85809,rectangulaire,long,humide,ok
2022021819+AF8-down.jpg,77771,rectangulaire,long,humide,ok
2022021820+AF8-down.jpg,74000,intermediaire,long,humide,ok
2022021821+AF8-down.jpg,109796,intermediaire,long,humide,ok
2022021822+AF8-down.jpg,106869,intermediaire,long,sec,ok
2022021823+AF8-down.jpg,0,NA,NA,NA,NA
2022021824+AF8-down.jpg,88060,intermediaire,long,sec,ok
2022021825+AF8-down.jpg,103640,intermediaire,long,sec,ok
2022021826+AF8-down.jpg,116924.000924,intermediaire,long,sec,ok
2022021827+AF8-down.jpg,84870,intermediaire,long,humide,ok
2022021828+AF8-down.jpg,47030,intermediaire,long,humide,ok
2022021829+AF8-down.jpg,50855,intermediaire,long,humide,ok
2022021830+AF8-down.jpg,61402,intermediaire,long,humide,ok
2022021831+AF8-down.jpg,58986,intermediaire,long,humide,ok
2022021832+AF8-down.jpg,68953,intermediaire,long,humide,ok
2022021833+AF8-down.jpg,60057,rectangulaire,long,sec,ok
2022021834+AF8-down.jpg,66412,intermediaire,long,sec,ok
2022021835+AF8-down.jpg,65887,intermediaire,long,sec,ok
2022021836+AF8-down.jpg,7803,intermediaire,restreint,humide,ok
2022021837+AF8-down.jpg,486887.907,intermediaire,restreint,humide,ok
2022021838+AF8-down.jpg,1412065.196,intermediaire,long,humide,ok
2022021839+AF8-down.jpg,1151103.49,intermediaire,long,humide,ok
2022021840+AF8-down.jpg,0,NA,NA,NA,NA
2022021841+AF8-down.jpg,773944.328,rectangulaire,long,humide,ok
2022021842+AF8-down.jpg,0,NA,NA,NA,NA
2022021843+AF8-down.jpg,43483.864,rectangulaire,restreint,sec,doute
2022030401+AF8-down.tif,2226004.969,rectangulaire,long,humide,ok
2022030402+AF8-down.tif,2258803.248,rectangulaire,long,humide,ok
2022030403+AF8-down.tif,2243592.452,rectangulaire,long,humide,ok
2022030404+AF8-down.tif,167563.719,rectangulaire,restreint,sec,doute
2022030405+AF8-down.tif,357282.591,rectangulaire,restreint,sec,doute
2022030406+AF8-down.tif,1276965.362,intermediaire,long,humide,ok
2022030407+AF8-down.tif,1724581.069,intermediaire,long,humide,ok
2022030408+AF8-down.tif,1214981.367,rectangulaire,long,humide,ok
2022030409+AF8-down.tif,1714751.092,rectangulaire,long,humide,ok
2022030410+AF8-down.tif,1324327.979,rectangulaire,long,humide,ok
2022030411+AF8-down.tif,1755687.148,rectangulaire,long,humide,ok
2022030412+AF8-down.tif,2058077.778,rectangulaire,long,humide,ok
2022030413+AF8-down.tif,1717013.698,intermediaire,long,humide,ok
2022030414+AF8-down.tif,1717317.914,intermediaire,long,humide,ok
2022030415+AF8-down.tif,0,NA,NA,NA,NA
2022030416+AF8-down.tif,0,NA,NA,NA,NA
2022030417+AF8-down.tif,293929.625,rectangulaire,restreint,sec,ok
2022030418+AF8-down.tif,203976.778,rectangulaire,restreint,sec,doute
2022030419+AF8-down.tif,595407.607,rectangulaire,restreint,humide,ok
2022030420+AF8-down.tif,754987.874,intermediaire,restreint,humide,ok
2022030421+AF8-down.tif,860874.029,rectangulaire,restreint,humide,ok
2022030422+AF8-down.tif,86853.647,rectangulaire,restreint,sec,ok
2022030423+AF8-down.tif,730897.775,intermediaire,restreint,humide,ok
2022030424+AF8-down.tif,942822.194,intermediaire,restreint,humide,ok
2022030425+AF8-down.tif,624802.471,intermediaire,restreint,humide,ok
2022030426+AF8-down.tif,434781.598,intermediaire,restreint,humide,ok
2022030427+AF8-down.tif,647352.476,intermediaire,restreint,humide,ok
2022030428+AF8-down.tif,703309.193,intermediaire,long,humide,ok
2022030801+AF8-down.tif,1416714.553,intermediaire,long,humide,ok
2022030802+AF8-down.tif,1523551.383,intermediaire,long,humide,ok
2022030803+AF8-down.tif,1123355.333,intermediaire,long,humide,ok
2022030804+AF8-down.tif,1342010.529,intermediaire,long,humide,ok
2022030805+AF8-down.tif,1636263.383,intermediaire,long,humide,ok
2022030806+AF8-down.tif,896125.05,rectangulaire,restreint,sec,ok
2022030807+AF8-down.tif,321175.964,rectangulaire,restreint,sec,ok
2022030808+AF8-down.tif,0,NA,NA,NA,NA
2022030809+AF8-down.tif,785903.817,rectangulaire,long,sec,ok
2022030810+AF8-down.tif,351445.448,rectangulaire,restreint,sec,ok
2022030811+AF8-down.tif,244798.753,rectangulaire,restreint,sec,ok
2022030812+AF8-down.tif,233314.602,rectangulaire,restreint,sec,ok
2022030813+AF8-down.tif,878974.877,rectangulaire,restreint,sec,ok
2022030815+AF8-down.tif,410026.027,rectangulaire,restreint,sec,ok
2022030816+AF8-down.tif,185590.728,rectangulaire,restreint,sec,ok
2022030817+AF8-down.tif,0,NA,NA,NA,NA
2022030818+AF8-down.tif,447387.546,rectangulaire,restreint,sec,ok
2022031101+AF8-down.tif,237326.449,rectangulaire,restreint,sec,ok
2022031102+AF8-down.tif,244950.861,rectangulaire,restreint,sec,ok
2022031103+AF8-down.tif,83393.191,rectangulaire,restreint,sec,ok
2022031104+AF8-down.tif,0,NA,NA,NA,NA
2022031105+AF8-down.tif,0,NA,NA,NA,NA
2022031106+AF8-down.tif,374489.805,intermediaire,restreint,sec,ok
2022031107+AF8-down.tif,0,NA,NA,NA,NA
2022031108+AF8-down.tif,1001573.895,intermediaire,restreint,sec,ok
2022031109+AF8-down.tif,293853.571,intermediaire,restreint,sec,ok
2022031110+AF8-down.tif,399948.875,intermediaire,restreint,sec,ok
2022031111+AF8-down.tif,754949.847,intermediaire,long,sec,ok
2022031112+AF8-down.tif,1781583.528,michelin,long,humide,ok
2022031501+AF8-down.jpg,195743.935,intermediaire,restreint,sec,ok
2022031502+AF8-down.jpg,194584.111,intermediaire,restreint,sec,ok
2022031503+AF8-down.jpg,179848.653,intermediaire,restreint,sec,ok
2022031504+AF8-down.jpg,28139.973,rectangulaire,frangmente,sec,ok
2022031505+AF8-down.jpg,207152.032,intermediaire,frangmente,humide,ok
2022031506+AF8-down.jpg,115506.984,michelin,frangmente,sec,ok
2022031507+AF8-down.jpg,140148.474,rectangulaire,restreint,sec,ok
2022031508+AF8-down.jpg,126192.569,rectangulaire,restreint,sec,ok
2022031509+AF8-down.jpg,269497.283,rectangulaire,restreint,sec,ok
2022031510+AF8-down.jpg,52724.423,rectangulaire,frangmente,sec,ok
2022031511+AF8-down.jpg,43769.066,rectangulaire,frangmente,sec,ok
2022031512+AF8-down.jpg,0,NA,NA,NA,NA
2022031513+AF8-down.jpg,97748.38,rectangulaire,frangmente,sec,imprecis
2022031514+AF8-down.jpg,2059541.817,rectangulaire,long,humide,ok
2022031515+AF8-down.jpg,206192.691,NA,NA,NA,NA
2022031516+AF8-down.jpg,1286662.244,michelin,restreint,humide,ok
2022031517+AF8-down.jpg,1223366.318,michelin,restreint,humide,ok
2022031518+AF8-down.jpg,1245650.135,michelin,restreint,humide,ok
2022031519+AF8-down.jpg,874297.557,rectangulaire,long,sec,ok
2022031520+AF8-down.jpg,797102.766,rectangulaire,long,sec,ok
2022031521+AF8-down.jpg,1162675.241,rectangulaire,long,sec,ok
2022031522+AF8-down.jpg,1032128.582,rectangulaire,long,humide,ok
2022031523+AF8-down.jpg,1005889.958,rectangulaire,long,humide,ok
2022031524+AF8-down.jpg,910366.158,intermediaire,long,humide,ok
2022031525+AF8-down.jpg,1298336.53,rectangulaire,long,humide,ok
2022031526+AF8-down.jpg,1077741.957,rectangulaire,long,humide,ok
2022031527+AF8-down.jpg,778811.783,intermediaire,long,humide,ok
2022031528+AF8-down.jpg,1104722.107,rectangulaire,long,humide,ok
2022031529+AF8-down.jpg,92918.952,rectangulaire,frangmente,sec,ok
2022031530+AF8-down.jpg,1094131.59,rectangulaire,long,sec,ok
2022031531+AF8-down.jpg,1242588.962,intermediaire,long,humide,ok
2022031532+AF8-down.jpg,770959.21,rectangulaire,long,humide,doute
2022031533+AF8-down.jpg,753352.713,rectangulaire,long,humide,ok
2022031534+AF8-down.jpg,771339.48,rectangulaire,long,humide,ok
2022031535+AF8-down.jpg,1042414.883,rectangulaire,long,humide,ok
2022031536+AF8-down.jpg,619174.476,rectangulaire,long,sec,ok
2022031537+AF8-down.jpg,944419.328,rectangulaire,long,humide,ok
2022031538+AF8-down.jpg,1056846.126,rectangulaire,long,humide,ok
2022031539+AF8-down.jpg,1431507.052,rectangulaire,long,sec,ok
2022031540+AF8-down.jpg,570804.144,intermediaire,long,humide,ok
2022031541+AF8-down.jpg,1509367.315,rectangulaire,long,humide,ok
2022031542+AF8-down.jpg,1178133.213,rectangulaire,long,humide,ok
2022031543+AF8-down.jpg,831954.503,rectangulaire,long,humide,ok
2022031544+AF8-down.jpg,1153149.48,rectangulaire,long,humide,ok
2022031545+AF8-down.jpg,1300180.839,rectangulaire,long,humide,ok
2022031546+AF8-down.jpg,1069414.046,rectangulaire,long,humide,ok
2022031547+AF8-down.jpg,920215.148,intermediaire,long,humide,ok
2022031801+AF8-down.jpg,401526.995,intermediaire,long,humide,ok
2022031802+AF8-down.jpg,405386.734,intermediaire,long,humide,ok
2022031803+AF8-down.jpg,1396541.234,intermediaire,long,humide,ok
2022031804+AF8-down.jpg,1100558.152,intermediaire,long,humide,ok
2022031805+AF8-down.jpg,1317007.783,intermediaire,long,humide,bordure
2022031806+AF8-down.jpg,420540.49,rectangulaire,restreint,sec,doute
2022031807+AF8-down.jpg,75692.725,michelin,frangmente,sec,ok
2022031808+AF8-down.jpg,149522.127,michelin,restreint,sec,ok
2022031810+AF8-down.jpg,0,NA,NA,NA,NA
2022031811+AF8-down.jpg,165493.464,michelin,restreint,sec,ok
2022031812+AF8-down.jpg,64132.52,michelin,frangmente,sec,ok
2022031813+AF8-down.jpg,123948.976,michelin,restreint,sec,ok
2022031814+AF8-down.jpg,1768995.328,rectangulaire,long,humide,ok
2022031815+AF8-down.jpg,2002847.983,rectangulaire,long,humide,ok
2022031816+AF8-down.jpg,1390868.761,rectangulaire,restreint,humide,ok
2022031817+AF8-down.jpg,1074812.206,rectangulaire,restreint,humide,ok
2022031818+AF8-down.jpg,1002921.71,intermediaire,restreint,humide,ok
2022031819+AF8-down.jpg,0,NA,NA,NA,NA
2022031820+AF8-down.jpg,2187086.337,intermediaire,long,humide,ok
2022031821+AF8-down.jpg,2334621.105,intermediaire,long,humide,ok
2022031822+AF8-down.jpg,1448407.7,rectangulaire,long,sec,ok
2022031823+AF8-down.jpg,1379664.309,intermediaire,long,humide,ok
2022031824+AF8-down.jpg,1804030.569,intermediaire,long,humide,ok
2022031825+AF8-down.jpg,872620.186,intermediaire,restreint,sec,ok
2022032401+AF8-down.tif,959146.616,intermediaire,long,sec,ok
2022032402+AF8-down.tif,803573.46,intermediaire,long,sec,ok
2022032403+AF8-down.tif,736062.369,intermediaire,long,sec,ok
2022032404+AF8-down.tif,991091.628,intermediaire,long,sec,ok
2022032405+AF8-down.tif,829736.14,intermediaire,long,sec,ok
2022032406+AF8-down.tif,587371.135,intermediaire,long,sec,ok
2022032407+AF8-down.tif,766945.707,intermediaire,long,sec,ok
2022032408+AF8-down.tif,1059493.767,intermediaire,long,sec,ok
2022032409+AF8-down.tif,692211.442,rectangulaire,long,sec,ok
2022032410+AF8-down.tif,1044838.874,rectangulaire,long,humide,ok
2022032411+AF8-down.tif,556961.759,rectangulaire,long,sec,ok
2022032412+AF8-down.tif,0,NA,NA,NA,NA
2022032413+AF8-down.tif,1031548.991,intermediaire,long,sec,ok
2022032414+AF8-down.tif,1264302.055,intermediaire,long,sec,ok
2022032415+AF8-down.tif,0,NA,NA,NA,NA
2022032416+AF8-down.tif,1096197.353,intermediaire,long,sec,ok
2022032417+AF8-down.tif,1065181.306,intermediaire,long,sec,ok
2022032418+AF8-down.tif,1111269.332,rectangulaire,long,humide,ok
2022032419+AF8-down.tif,1625214.336,rectangulaire,long,sec,doute
2022032420+AF8-down.tif,1104065.116,rectangulaire,long,humide,ok
2022032421+AF8-down.tif,1260055.359,rectangulaire,long,humide,ok
2022032422+AF8-down.tif,854818.188,rectangulaire,long,sec,ok
2022032423+AF8-down.tif,1118189.172,rectangulaire,long,humide,ok
2022032424+AF8-down.tif,731303.795,rectangulaire,long,humide,bordure
2022032425+AF8-down.tif,1378488.884,rectangulaire,long,humide,ok
2022032426+AF8-down.tif,1229342.647,rectangulaire,long,humide,ok
2022032427+AF8-down.tif,1202857.672,intermediaire,long,humide,ok
2022032428+AF8-down.tif,1126265.477,rectangulaire,long,humide,ok
2022032429+AF8-down.tif,1366867.346,rectangulaire,long,humide,ok
2022040801+AF8-down.jpg,0,NA,NA,NA,NA
2022040802+AF8-down.jpg,2173986.038,rectangulaire,long,humide,ok
2022040803+AF8-down.jpg,1998184.2,rectangulaire,long,humide,ok
2022040804+AF8-down.jpg,1907562.742,rectangulaire,long,humide,ok
2022040805+AF8-down.jpg,1969841.297,rectangulaire,long,humide,ok
2022040806+AF8-down.jpg,102432.582,rectangulaire,frangmente,sec,ok
2022040807+AF8-down.jpg,1808334.141,intermediaire,long,humide,ok
2022040808+AF8-down.jpg,1935109.39,intermediaire,long,humide,ok
2022040809+AF8-down.jpg,2723231.702,intermediaire,long,humide,ok
2022040810+AF8-down.jpg,2068027.182,intermediaire,long,humide,ok
2022040811+AF8-down.jpg,1822249.653,intermediaire,long,humide,ok
2022040812+AF8-down.jpg,2196167.441,intermediaire,long,humide,ok
2022040813+AF8-down.jpg,1860432,intermediaire,long,humide,ok
2022040814+AF8-down.jpg,2121035.048,intermediaire,long,humide,ok
2022040815+AF8-down.jpg,2125149.035,intermediaire,long,humide,ok
2022040816+AF8-down.jpg,2102702.213,intermediaire,long,humide,ok
2022040817+AF8-down.jpg,3139123.529,intermediaire,long,sec,ok
2022040818+AF8-down.jpg,2326696.467,intermediaire,long,sec,imprecis
2022040819+AF8-down.jpg,2576057.145,intermediaire,long,humide,ok
2022040820+AF8-down.jpg,2616628.258,intermediaire,long,humide,ok
2022040821+AF8-down.jpg,1723722.515,intermediaire,long,humide,ok
2022040822+AF8-down.jpg,2230728.721,rectangulaire,long,humide,ok
2022040823+AF8-down.jpg,1575315.658,intermediaire,long,sec,ok
2022040824+AF8-down.jpg,2175066.671,intermediaire,long,humide,ok
2022040825+AF8-down.jpg,1326163.523,rectangulaire,long,humide,bordure
2022040826+AF8-down.jpg,1147612.708,rectangulaire,long,humide,ok
2022040827+AF8-down.jpg,1938711.499,rectangulaire,long,humide,doute
2022040828+AF8-down.jpg,1549437.355,rectangulaire,long,humide,ok
2022040829+AF8-down.jpg,1398831.316,rectangulaire,long,humide,ok
2022040830+AF8-down.jpg,1894140.149,rectangulaire,long,humide,ok
2022040831+AF8-down.jpg,1444274.754,intermediaire,long,humide,ok
2022040832+AF8-down.jpg,1940607.345,intermediaire,long,humide,ok
2022040833+AF8-down.jpg,1833624.732,intermediaire,long,humide,ok
2022040834+AF8-down.jpg,1147574.791,intermediaire,long,humide,ok
2022040835+AF8-down.jpg,1272264.61,intermediaire,long,humide,ok
2022040836+AF8-down.jpg,1572130.636,intermediaire,long,humide,ok
2022040837+AF8-down.jpg,791269.417,intermediaire,long,humide,ok
2022040838+AF8-down.jpg,1156655.895,rectangulaire,long,humide,ok
2022040839+AF8-down.jpg,1567125.602,intermediaire,long,humide,ok
2022040840+AF8-down.jpg,1373711.351,intermediaire,long,humide,ok
2022041501+AF8-down.jpg,268281.226,intermediaire,restreint,humide,ok
2022041502+AF8-down.jpg,1889191.99,intermediaire,long,humide,ok
2022041503+AF8-down.jpg,1993956.463,intermediaire,long,humide,ok
2022041504+AF8-down.tif,2340915.315,intermediaire,long,humide,ok
2022041505+AF8-down.tif,1752330.838,intermediaire,long,humide,ok
2022041506+AF8-down.tif,1481907.306,intermediaire,long,humide,ok
2022041507+AF8-down.tif,1239826.678,intermediaire,long,sec,ok
2022041508+AF8-down.tif,2591299.75,intermediaire,long,humide,ok
2022041509+AF8-down.tif,2301254.208,intermediaire,long,humide,ok
2022041510+AF8-down.tif,1731628.195,intermediaire,long,humide,ok
2022041511+AF8-down.tif,2523276.781,intermediaire,long,humide,ok
2022041512+AF8-down.tif,1877267.116,intermediaire,long,humide,ok
2022041513+AF8-down.tif,2467709.523,intermediaire,long,humide,ok
2022041514+AF8-down.tif,2069638.652,intermediaire,long,humide,ok
2022041515+AF8-down.tif,2698358.197,intermediaire,long,humide,ok
2022041516+AF8-down.tif,2556700.553,intermediaire,long,humide,ok
2022041517+AF8-down.tif,2368443.005,intermediaire,long,humide,ok
2022041518+AF8-down.tif,1932379.372,intermediaire,long,humide,ok
2022041519+AF8-down.tif,2437679.315,intermediaire,long,humide,ok
2022041520+AF8-down.tif,2353693.319,intermediaire,long,humide,ok
2022041521+AF8-down.tif,2063723.611,intermediaire,long,humide,ok
2022041522+AF8-down.tif,2340100.101,intermediaire,long,humide,ok
2022041523+AF8-down.tif,2248170.508,intermediaire,long,humide,ok
2022041524+AF8-down.tif,2035172.164,rectangulaire,long,humide,ok
2022041525+AF8-down.tif,2569933.561,rectangulaire,long,humide,ok
2022041526+AF8-down.tif,2685049.355,rectangulaire,long,humide,ok
2022041527+AF8-down.tif,1830724.087,intermediaire,long,humide,ok
2022041528+AF8-down.tif,1830325.959,intermediaire,long,humide,ok
2022041529+AF8-down.tif,1890841.377,intermediaire,long,humide,ok
2022041530+AF8-down.tif,2510764.195,rectangulaire,long,humide,ok
2022042101+AF8-down.tif,2078985.174,rectangulaire,long,humide,ok
2022042102+AF8-down.tif,2217344.046,rectangulaire,long,humide,ok
2022042103+AF8-down.tif,2386112.293,rectangulaire,long,humide,ok
2022042104+AF8-down.tif,533112.011,intermediaire,frangmente,sec,ok
2022042105+AF8-down.tif,2014753.898,intermediaire,long,humide,ok
2022042106+AF8-down.tif,1829624.496,intermediaire,long,humide,ok
2022042107+AF8-down.tif,2057808.57,intermediaire,long,humide,ok
2022042108+AF8-down.tif,2272228.799,intermediaire,long,humide,ok
2022042109+AF8-down.tif,2184128.816,intermediaire,long,humide,ok
2022042110+AF8-down.tif,1929611.436,intermediaire,long,humide,ok
2022042111+AF8-down.tif,1802438.058,rectangulaire,long,humide,ok
2022042201+AF8-down.tif,1830534.502,intermediaire,long,sec,ok
2022042202+AF8-down.tif,2089582.956,intermediaire,long,sec,ok
2022042203+AF8-down.tif,2033465.902,intermediaire,long,humide,ok
2022042204+AF8-down.tif,1858593.029,intermediaire,long,sec,ok
2022042205+AF8-down.tif,1279355.075,intermediaire,long,sec,ok
2022042206+AF8-down.tif,1621365.768,intermediaire,long,humide,ok
2022042207+AF8-down.tif,1906102.94,intermediaire,long,humide,imprecis
2022042208+AF8-down.tif,1984837.442,intermediaire,long,humide,ok
2022042209+AF8-down.tif,2154913.823,intermediaire,long,humide,ok
2022042210+AF8-down.tif,2605139.429,intermediaire,long,humide,imprecis
2022042211+AF8-down.tif,2034698.202,intermediaire,long,humide,ok
2022042212+AF8-down.tif,1595658.09,intermediaire,long,humide,ok
2022042213+AF8-down.tif,1916094.051,intermediaire,long,humide,ok
2022042214+AF8-down.tif,1989956.227,intermediaire,long,humide,ok
2022042215+AF8-down.tif,2257744.533,intermediaire,long,humide,ok
2022042216+AF8-down.tif,2411194.341,intermediaire,long,humide,ok
2022042217+AF8-down.tif,2163558.883,intermediaire,long,humide,ok
2022042218+AF8-down.tif,1993520.418,intermediaire,long,humide,ok
2022042220+AF8-down.tif,1534706.628,intermediaire,long,humide,ok
2022042221+AF8-down.tif,1866688.293,intermediaire,long,humide,ok
2022042222+AF8-down.tif,1880717.557,intermediaire,long,humide,ok
2022042223+AF8-down.tif,1869683.731,intermediaire,long,humide,ok
2022042224+AF8-down.tif,1619621.589,intermediaire,long,humide,ok
2022042225+AF8-down.tif,1598179.566,intermediaire,long,humide,ok
2022042226+AF8-down.tif,2493682.618,intermediaire,long,humide,ok
2022042227+AF8-down.tif,2468771.197,intermediaire,long,humide,imprecis
2022042228+AF8-down.tif,1864147.859,intermediaire,long,humide,imprecis
2022042229+AF8-down.tif,2253990.757,intermediaire,long,humide,imprecis
2022042230+AF8-down.tif,1590368.679,intermediaire,long,humide,imprecis
2022042231+AF8-down.tif,2327341.054,intermediaire,long,humide,ok
2022042232+AF8-down.tif,2318222.033,intermediaire,long,humide,ok
2022042234+AF8-down.tif,2019607.265,intermediaire,long,humide,ok
2022042235+AF8-down.tif,1294597.68,intermediaire,long,humide,ok
2022042236+AF8-down.tif,1745221.414,intermediaire,long,humide,ok
2022042237+AF8-down.tif,1492467.17,intermediaire,long,humide,ok
2022042238+AF8-down.tif,1996060.852,intermediaire,long,humide,ok
2022042239+AF8-down.tif,1433297.804,intermediaire,long,humide,ok
2022042240+AF8-down.tif,1209948.138,intermediaire,long,sec,ok
2022042241+AF8-down.tif,1218403.613,intermediaire,restreint,humide,ok
2022042242+AF8-down.tif,1323642.047,intermediaire,long,humide,ok
2022042243+AF8-down.tif,1345576.99,intermediaire,long,humide,ok
2022042245+AF8-down.tif,1486571.088,rectangulaire,long,humide,ok
2022042246+AF8-down.tif,1263145.588,rectangulaire,restreint,humide,ok
2022042247+AF8-down.tif,2179483.993,intermediaire,long,humide,ok
2022042501+AF8-down.tif,830191.143,michelin,restreint,humide,ok
2022042502+AF8-down.tif,780273.507,michelin,restreint,humide,ok
2022042503+AF8-down.tif,241682.5,michelin,restreint,humide,ok
2022042504+AF8-down.tif,1234669.975,michelin,long,humide,ok
2022042505+AF8-down.tif,1486116.085,michelin,long,humide,ok
2022042506+AF8-down.tif,1871617.494,michelin,long,humide,ok
2022042507+AF8-down.tif,1381541.197,michelin,long,humide,ok
2022042508+AF8-down.tif,1798551.573,michelin,long,humide,ok
2022042509+AF8-down.tif,1449677.917,michelin,long,humide,ok
2022042510+AF8-down.tif,1123213.165,michelin,long,humide,ok
2022042511+AF8-down.tif,873549.151,michelin,restreint,sec,ok
2022042513+AF8-down.tif,1512335.641,michelin,long,humide,ok
2022042514+AF8-down.tif,1261515.16,michelin,restreint,humide,ok
2022042516+AF8-down.tif,175081.416,michelin,restreint,humide,ok
2022042517+AF8-down.tif,1605307.949,intermediaire,long,humide,ok
2022042518+AF8-down.tif,1793034.66,intermediaire,long,humide,ok
2022042519+AF8-down.tif,1583619.466,intermediaire,long,humide,ok
2022042520+AF8-down.tif,1000798.362,intermediaire,frangmente,humide,imprecis
2022042521+AF8-down.tif,1893343.894,intermediaire,long,humide,ok
2022042522+AF8-down.tif,1868830.6,intermediaire,long,humide,ok
2022042523+AF8-down.tif,1788882.757,intermediaire,long,humide,ok
2022042524+AF8-down.tif,2215524.033,intermediaire,long,humide,ok
2022042525+AF8-down.tif,1877361.909,intermediaire,long,humide,ok
2022042701+AF8-down.tif,1502192.862,intermediaire,long,humide,ok
2022042702+AF8-down.tif,2151539.217,intermediaire,long,humide,ok
2022042703+AF8-down.tif,1578709.224,intermediaire,long,humide,ok
2022042704+AF8-down.tif,1718944.983,intermediaire,long,humide,ok
2022042705+AF8-down.tif,1956797.873,intermediaire,long,humide,ok
2022042706+AF8-down.tif,1722945.218,intermediaire,long,humide,ok
2022042707+AF8-down.tif,1756582.595,intermediaire,long,humide,ok
2022042708+AF8-down.tif,0,NA,NA,NA,NA
2022042709+AF8-down.tif,1714635.878,intermediaire,long,humide,ok
2022042710+AF8-down.tif,2185161.225,intermediaire,long,humide,ok
2022042711+AF8-down.tif,1945560.214,intermediaire,long,humide,ok
2022042712+AF8-down.tif,1889473.728,intermediaire,long,humide,ok
2022042713+AF8-down.tif,2117543.646,intermediaire,long,humide,ok
2022042715+AF8-down.tif,1204167.577,michelin,long,humide,ok
2022042716+AF8-down.tif,934888.176,intermediaire,long,sec,ok
2022042717+AF8-down.tif,1137041.487,intermediaire,long,sec,ok
2022042719+AF8-down.tif,1306605.28,intermediaire,long,sec,ok
2022042721+AF8-down.tif,760466.201,intermediaire,long,sec,ok
2022042722+AF8-down.tif,1182523.146,rectangulaire,long,sec,ok
2022042723+AF8-down.tif,1194451.212,rectangulaire,long,sec,doute
2022042724+AF8-down.tif,1421084.469,rectangulaire,long,sec,ok
2022042725+AF8-down.tif,907610.522,rectangulaire,long,sec,ok
2022042726+AF8-down.tif,955870.986,rectangulaire,long,sec,ok
2022042727+AF8-down.tif,793925.277,rectangulaire,long,sec,ok
2022042728+AF8-down.tif,463001.781,rectangulaire,long,sec,imprecis
2022042729+AF8-down.tif,971428.511,rectangulaire,long,sec,ok
2022042731+AF8-down.tif,852847.277,intermediaire,long,sec,ok
2022042732+AF8-down.tif,1054206.644,rectangulaire,long,sec,ok
2022042733+AF8-down.tif,817100.886,rectangulaire,long,sec,ok
2022042734+AF8-down.tif,986891.519,rectangulaire,long,sec,ok
2022042735+AF8-down.tif,1037231.361,intermediaire,long,sec,ok
2022042736+AF8-down.tif,1179007.108,intermediaire,long,sec,ok
2022042737+AF8-down.tif,1149858.014,rectangulaire,long,humide,ok
2022042738+AF8-down.tif,1054660.326,rectangulaire,long,sec,ok
2022042739+AF8-down.tif,1268855.124,rectangulaire,long,sec,ok
2022042740+AF8-down.tif,1268684.993,rectangulaire,long,sec,ok
2022042741+AF8-down.tif,1216133.45,rectangulaire,long,sec,ok
2022042742+AF8-down.tif,1470913.918,rectangulaire,long,sec,ok
2022042743+AF8-down.tif,1070766.051,rectangulaire,long,sec,ok
2022042744+AF8-down.tif,1431651.488,rectangulaire,long,humide,ok
2022042745+AF8-down.tif,955133.752,rectangulaire,long,sec,ok
2022042746+AF8-down.tif,994358.375,rectangulaire,long,sec,ok
2022042747+AF8-down.tif,1564088.939,rectangulaire,long,humide,ok
2022042748+AF8-down.tif,798235.26,intermediaire,long,sec,ok
2022042749+AF8-down.tif,1195604.322,intermediaire,long,sec,ok
2022042750+AF8-down.tif,1270102.751,intermediaire,long,sec,ok
2022042751+AF8-down.tif,1377606.573,intermediaire,long,sec,ok
2022042752+AF8-down.tif,0,NA,NA,NA,NA
2022042754+AF8-down.tif,1003734.478,intermediaire,long,sec,ok
2022042755+AF8-down.tif,961863.374,intermediaire,long,sec,ok
2022042756+AF8-down.tif,941012.888,intermediaire,long,sec,ok
2022042760+AF8-down.tif,1297682.859,rectangulaire,long,sec,ok
2022042762+AF8-down.tif,1163147.128,rectangulaire,long,sec,ok
2022042801+AF8-down.tif,1047514.829,rectangulaire,long,sec,ok
2022042802+AF8-down.tif,1202447.364,rectangulaire,long,sec,ok
2022042803+AF8-down.tif,967610.018,rectangulaire,long,sec,ok
2022042804+AF8-down.tif,733755.65,rectangulaire,long,sec,ok
2022042805+AF8-down.tif,1519798.195,rectangulaire,long,humide,ok
2022042806+AF8-down.tif,1519042.058,rectangulaire,long,humide,ok
2022042807+AF8-down.tif,1304960.681,intermediaire,long,humide,ok
2022042808+AF8-down.tif,682281.602,intermediaire,long,humide,ok
2022042809+AF8-down.tif,665192.899,intermediaire,long,humide,ok
2022042811+AF8-down.tif,499390.889,michelin,long,sec,ok
2022042812+AF8-down.tif,1177646.061,intermediaire,long,humide,ok
2022042813+AF8-down.tif,582376.96,intermediaire,long,humide,ok
2022042814+AF8-down.tif,757706.299,intermediaire,long,humide,ok
2022042815+AF8-down.tif,546082.369,intermediaire,long,humide,ok
2022042816+AF8-down.tif,735740.51,intermediaire,long,humide,ok
2022042817+AF8-down.tif,917062.239,intermediaire,long,humide,ok
2022042818+AF8-down.tif,685646.413,intermediaire,long,humide,ok
2022042820+AF8-down.tif,921807,intermediaire,long,humide,ok
2022042821+AF8-down.tif,781430.108,intermediaire,long,humide,ok
2022042823+AF8-down.tif,1205793.272,intermediaire,long,humide,ok
2022042824+AF8-down.tif,799123.721,intermediaire,long,humide,ok
2022042825+AF8-down.tif,837875.758,intermediaire,long,humide,ok
2022042826+AF8-down.tif,902733.436,intermediaire,long,humide,ok
2022042827+AF8-down.tif,491016.669,intermediaire,restreint,humide,ok
2022042828+AF8-down.tif,908291.046,intermediaire,long,humide,ok
2022042829+AF8-down.tif,712356.964,intermediaire,long,humide,ok
2022042830+AF8-down.tif,1156530.926,intermediaire,long,humide,ok
2022042901+AF8-down.tif,382756.709,rectangulaire,restreint,humide,ok
2022042903+AF8-down.tif,422775.276,rectangulaire,restreint,sec,ok
2022042904+AF8-down.tif,476990.321,michelin,restreint,humide,ok
2022042905+AF8-down.tif,416631.66,michelin,restreint,humide,ok
2022042906+AF8-down.tif,1086966.293,intermediaire,long,humide,ok
2022042907+AF8-down.tif,1104262.934,intermediaire,long,humide,ok
2022042908+AF8-down.tif,792431.906,intermediaire,long,humide,ok
2022042909+AF8-down.tif,1108932.082,intermediaire,long,humide,ok
2022042910+AF8-down.tif,1146134.038,intermediaire,long,humide,ok
2022042911+AF8-down.tif,874529.515,intermediaire,long,humide,ok
2022042912+AF8-down.tif,978063.616,intermediaire,long,humide,ok
2022042913+AF8-down.tif,1210556.937,intermediaire,long,humide,ok
2022042914+AF8-down.tif,1202466.268,intermediaire,long,humide,ok
2022042915+AF8-down.tif,531810.277,intermediaire,long,sec,ok
2022042916+AF8-down.tif,662017.122,intermediaire,long,sec,ok
2022042917+AF8-down.tif,1069461.714,intermediaire,long,humide,ok
2022042918+AF8-down.tif,752753.6,intermediaire,long,sec,ok
2022042920+AF8-down.tif,0,NA,NA,NA,NA
2022042921+AF8-down.tif,0,NA,NA,NA,NA
2022042922+AF8-down.tif,0,NA,NA,NA,NA
2022050201+AF8-down.tif,327388.554,intermediaire,frangmente,sec,ok
2022050202+AF8-down.tif,730806.714,intermediaire,long,sec,ok
2022050203+AF8-down.tif,872128.779,intermediaire,long,sec,ok
2022050204+AF8-down.tif,796741.888,intermediaire,long,sec,ok
2022050205+AF8-down.tif,571148.321,intermediaire,long,sec,ok
2022050206+AF8-down.tif,812280.51,intermediaire,long,sec,ok
2022050207+AF8-down.tif,654606.977,intermediaire,long,sec,ok
2022050208+AF8-down.tif,901095.799,intermediaire,long,sec,ok
2022050209+AF8-down.tif,580504.706,intermediaire,long,sec,ok
2022050210+AF8-down.tif,591242.670,intermediaire,long,sec,ok
2022050211+AF8-down.tif,913775.263,intermediaire,long,sec,ok
2022050212+AF8-down.tif,750382.092,intermediaire,long,sec,ok
2022050213+AF8-down.tif,859323.530,intermediaire,long,sec,ok
2022050214+AF8-down.tif,693671.030,intermediaire,long,sec,ok
2022050215+AF8-down.tif,757390.641,intermediaire,long,sec,ok
2022050216+AF8-down.tif,898536.407,intermediaire,long,sec,ok
2022050217+AF8-down.tif,708174.468,intermediaire,long,sec,ok
2022050218+AF8-down.tif,1055398.739,intermediaire,long,sec,ok
2022050219+AF8-down.tif,837831.404,intermediaire,long,sec,ok
2022050220+AF8-down.tif,1080594.537,intermediaire,long,sec,ok
2022050221+AF8-down.tif,800331.562,intermediaire,long,sec,ok
2022050222+AF8-down.tif,785581.877,intermediaire,long,sec,ok
2022050223+AF8-down.tif,1921307.628,rectangulaire,long,humide,ok
2022050224+AF8-down.tif,2063401.317,rectangulaire,long,humide,ok
2022050225+AF8-down.tif,1827311.563,rectangulaire,long,humide,ok
2022050226+AF8-down.tif,2009843.656,rectangulaire,long,humide,ok
2022050227+AF8-down.tif,2037636.764,rectangulaire,long,humide,ok
2022050228+AF8-down.tif,2139974.554,rectangulaire,long,humide,ok
2022050229+AF8-down.tif,2847068.389,intermediaire,long,sec,ok
2022050230+AF8-down.tif,2032499.02,intermediaire,long,sec,ok
2022050231+AF8-down.tif,1473489.748,intermediaire,long,sec,ok
2022050232+AF8-down.tif,2086303.142,intermediaire,long,humide,ok
2022050233+AF8-down.tif,2121945.054,intermediaire,long,humide,ok
2022050234+AF8-down.tif,2006791.343,intermediaire,long,humide,ok
2022050235+AF8-down.tif,2143424.994,intermediaire,long,humide,ok
2022050236+AF8-down.tif,1820012.555,intermediaire,long,humide,ok
2022050237+AF8-down.tif,630444.766,rectangulaire,restreint,sec,ok
2022050238+AF8-down.tif,1355245.807,rectangulaire,long,sec,ok
2022050239+AF8-down.tif,1081333.918,rectangulaire,long,sec,ok
2022050240+AF8-down.tif,1130151.963,rectangulaire,long,sec,ok
2022050241+AF8-down.tif,861719.069,rectangulaire,long,sec,ok
2022050242+AF8-down.tif,1060195.23,rectangulaire,long,sec,ok
2022050243+AF8-down.tif,830930.524,intermediaire,long,sec,ok
2022050244+AF8-down.tif,497868.226,intermediaire,restreint,sec,ok
2022050245+AF8-down.tif,1235617.898,intermediaire,long,humide,ok
2022050246+AF8-down.tif,1063778.38,intermediaire,long,humide,ok
2022050247+AF8-down.tif,1288360.346,intermediaire,long,humide,ok
2022050248+AF8-down.tif,0,NA,NA,NA,NA
2022050249+AF8-down.tif,951127.186,intermediaire,long,humide,ok
2022050251+AF8-down.tif,1357236.446,intermediaire,long,humide,ok
2022050252+AF8-down.tif,744574.72,intermediaire,long,sec,ok
2022050253+AF8-down.tif,846571.256,intermediaire,long,sec,ok
2022050254+AF8-down.tif,859121.76,intermediaire,long,humide,ok
2022050255+AF8-down.tif,836807.647,intermediaire,long,humide,ok
2022050256+AF8-down.tif,807895.99,rectangulaire,long,humide,ok
2022050301+AF8-down.tif,1340135.911,michelin,long,humide,ok
2022050302+AF8-down.tif,1539275.618,michelin,long,humide,ok
2022050303+AF8-down.tif,2387723.763,michelin,long,humide,ok
2022050305+AF8-down.tif,1424823.37,michelin,long,humide,ok
2022050306+AF8-down.tif,1468105.544,michelin,restreint,humide,ok
2022050307+AF8-down.tif,1529189.715,michelin,long,humide,ok
2022050308+AF8-down.tif,1623716.617,michelin,long,humide,ok
2022050309+AF8-down.tif,1455308.581,michelin,long,humide,ok
2022050310+AF8-down.tif,1495405.732,michelin,long,humide,ok
2022050311+AF8-down.tif,2760750.502,rectangulaire,long,humide,ok
2022050312+AF8-down.tif,2499237.448,intermediaire,long,humide,ok
2022050313+AF8-down.tif,2553780.95,intermediaire,long,humide,ok
2022050314+AF8-down.tif,1748577.062,intermediaire,long,humide,imprecis
2022050315+AF8-down.tif,1548337.764,intermediaire,restreint,sec,imprecis
2022050316+AF8-down.tif,861396.775,intermediaire,restreint,sec,imprecis
2022050317+AF8-down.tif,1988458.508,intermediaire,long,humide,ok
2022050318+AF8-down.tif,2102778.047,intermediaire,long,humide,ok
2022050319+AF8-down.tif,1705427.598,intermediaire,long,humide,ok
2022050320+AF8-down.tif,2163255.547,intermediaire,long,humide,ok
2022050321+AF8-down.tif,1972798.817,intermediaire,long,humide,ok
2022050322+AF8-down.tif,1786399.198,intermediaire,long,humide,ok
2022050323+AF8-down.tif,2569857.727,intermediaire,long,humide,ok
2022050324+AF8-down.tif,1834458.904,intermediaire,long,humide,ok
2022050325+AF8-down.tif,1865380.159,intermediaire,long,humide,ok
2022050326+AF8-down.tif,2174687.501,intermediaire,long,humide,ok
2022050327+AF8-down.tif,2235657.922,intermediaire,long,humide,ok
2022050328+AF8-down.tif,1623925.16,intermediaire,long,humide,doute
2022050329+AF8-down.tif,822418.173,intermediaire,restreint,humide,ok
2022050330+AF8-down.tif,532770.758,rectangulaire,restreint,humide,ok
2022050331+AF8-down.tif,795080.068,rectangulaire,restreint,humide,ok
2022050332+AF8-down.tif,684950.35,rectangulaire,restreint,sec,imprecis
2022050333+AF8-down.tif,216657.328,rectangulaire,restreint,sec,imprecis
2022050334+AF8-down.tif,585930.292,rectangulaire,restreint,humide,ok
2022050335+AF8-down.tif,985802.217,intermediaire,long,humide,ok
2022050336+AF8-down.tif,446680.373,intermediaire,restreint,humide,ok
2022050337+AF8-down.tif,1052858.304,intermediaire,long,humide,ok
2022050338+AF8-down.tif,985953.885,rectangulaire,long,sec,ok
2022050339+AF8-down.tif,961554.341,rectangulaire,long,sec,ok
2022050340+AF8-down.tif,655337.229,intermediaire,long,humide,ok
2022050341+AF8-down.tif,0,NA,NA,NA,NA
2022050342+AF8-down.tif,1229153.062,rectangulaire,long,sec,imprecis
2022050343+AF8-down.tif,718658.499,rectangulaire,restreint,sec,imprecis
2022050344+AF8-down.tif,830949.482,rectangulaire,restreint,sec,ok
2022050345+AF8-down.tif,793866.726,rectangulaire,restreint,sec,ok
2022050346+AF8-down.tif,796501.953,intermediaire,long,sec,imprecis
2022050347+AF8-down.tif,826257.089,rectangulaire,restreint,sec,doute
2022050348+AF8-down.tif,867539.318,rectangulaire,long,humide,ok
2022050349+AF8-down.tif,1446872.064,rectangulaire,long,sec,ok
2022050350+AF8-down.tif,1746093.503,rectangulaire,long,humide,ok
2022050351+AF8-down.tif,0,NA,NA,NA,NA
2022050352+AF8-down.tif,1183501.081,intermediaire,long,sec,imprecis
2022050353+AF8-down.tif,468672.191,rectangulaire,restreint,sec,imprecis
2022050354+AF8-down.tif,581475.053,intermediaire,restreint,sec,ok
2022050355+AF8-down.tif,1482096.89,rectangulaire,long,humide,ok
2022050356+AF8-down.tif,752537.274,intermediaire,restreint,sec,doute
2022050401+AF8-down.tif,982238.026,rectangulaire,long,humide,ok
2022050402+AF8-down.tif,1068764.456,rectangulaire,long,humide,ok
2022050403+AF8-down.tif,1092386.702,rectangulaire,long,humide,ok
2022050404+AF8-down.tif,1353463.711,rectangulaire,long,humide,ok
2022050405+AF8-down.tif,795952.157,rectangulaire,long,humide,ok
2022050406+AF8-down.tif,1167139.926,rectangulaire,long,humide,ok
2022050407+AF8-down.tif,1221304.258,rectangulaire,long,humide,ok
2022050408+AF8-down.tif,1119156.053,rectangulaire,long,humide,ok
2022050409+AF8-down.tif,847519.18,rectangulaire,long,sec,ok
2022050410+AF8-down.tif,1305802.133,rectangulaire,long,humide,ok
2022050411+AF8-down.tif,1130360.506,rectangulaire,long,sec,ok
2022050412+AF8-down.tif,1491481.33,rectangulaire,long,sec,ok
2022050413+AF8-down.tif,975375.062,intermediaire,long,humide,ok
2022050414+AF8-down.tif,880298.364,intermediaire,long,sec,ok
2022050415+AF8-down.tif,981422.812,rectangulaire,long,humide,ok
2022050416+AF8-down.tif,717767.451,intermediaire,long,sec,ok
2022050417+AF8-down.tif,1382564.954,rectangulaire,long,sec,bordure
2022050418+AF8-down.tif,1366127.965,rectangulaire,long,humide,ok
2022050419+AF8-down.tif,898517.448,intermediaire,long,humide,ok
2022050420+AF8-down.tif,1335187.752,rectangulaire,long,humide,ok
2022050422+AF8-down.tif,662825.822,intermediaire,long,humide,ok
2022050423+AF8-down.tif,892848.867,intermediaire,long,sec,ok
2022050424+AF8-down.tif,680893.239,intermediaire,long,humide,ok
2022050425+AF8-down.tif,0,NA,NA,NA,NA
2022050426+AF8-down.tif,930064.332,intermediaire,long,sec,ok
2022050427+AF8-down.tif,788539.398,intermediaire,long,sec,ok
2022050428+AF8-down.tif,598859.964,rectangulaire,restreint,humide,imprecis
2022050429+AF8-down.tif,806417.229,rectangulaire,restreint,sec,imprecis
2022050430+AF8-down.tif,593096.591,rectangulaire,restreint,humide,imprecis
2022050431+AF8-down.tif,483535.627,rectangulaire,long,sec,imprecis
2022050432+AF8-down.tif,578422.74,rectangulaire,long,sec,imprecis
2022050433+AF8-down.tif,665897.093,rectangulaire,long,humide,imprecis
2022050434+AF8-down.tif,886725.283,rectangulaire,long,humide,ok
2022050435+AF8-down.tif,571597.693,rectangulaire,restreint,humide,ok
2022050436+AF8-down.tif,162682.581,rectangulaire,restreint,sec,doute
2022050437+AF8-down.tif,609571.497,rectangulaire,long,humide,ok
2022050438+AF8-down.tif,567313.08,rectangulaire,long,humide,ok
2022050439+AF8-down.tif,542515.409,rectangulaire,restreint,humide,ok
2022050440+AF8-down.tif,408251.566,rectangulaire,restreint,humide,ok
2022050441+AF8-down.tif,571123.731,rectangulaire,restreint,humide,ok
2022050442+AF8-down.tif,282803.409,intermediaire,restreint,humide,ok
2022050443+AF8-down.tif,791857.129,rectangulaire,long,humide,ok
2022050444+AF8-down.tif,638786.49,intermediaire,long,humide,ok
2022050445+AF8-down.tif,785107.916,rectangulaire,long,humide,ok
2022050446+AF8-down.tif,607144.813,intermediaire,long,humide,ok
2022050447+AF8-down.tif,580451.296,intermediaire,long,humide,ok
2022050448+AF8-down.tif,812275.395,intermediaire,long,humide,ok
2022050449+AF8-down.tif,838893.078,intermediaire,long,humide,ok
2022050450+AF8-down.tif,1060252.105,intermediaire,long,humide,ok
2022050451+AF8-down.tif,800066.144,rectangulaire,long,humide,ok
2022050452+AF8-down.tif,1538801.657,intermediaire,long,humide,ok
2022050453+AF8-down.tif,1985709.531,intermediaire,long,humide,ok
2022050454+AF8-down.tif,958710.572,michelin,restreint,humide,ok
2022050455+AF8-down.tif,1401333.833,intermediaire,long,sec,ok
2022050501+AF8-down.tif,1043890.951,rectangulaire,long,humide,ok
2022050502+AF8-down.tif,1185776.096,rectangulaire,long,sec,ok
2022050503+AF8-down.tif,0,NA,NA,NA,NA
2022050505+AF8-down.tif,1199407.232,intermediaire,long,humide,ok
2022050506+AF8-down.tif,1115136.859,intermediaire,long,humide,ok
2022050507+AF8-down.tif,1230347.445,intermediaire,long,humide,ok
2022050508+AF8-down.tif,635810.011,rectangulaire,long,humide,ok
2022050509+AF8-down.tif,0,NA,NA,NA,NA
2022050510+AF8-down.tif,818986.691,intermediaire,restreint,sec,ok
2022050511+AF8-down.tif,555748.417,intermediaire,restreint,sec,ok
2022050512+AF8-down.tif,903370.815,intermediaire,long,sec,ok
2022050513+AF8-down.tif,1064024.84,intermediaire,long,humide,ok
2022050514+AF8-down.tif,885379.232,intermediaire,long,humide,ok
2022050515+AF8-down.tif,1407078.248,intermediaire,long,humide,ok
2022050516+AF8-down.tif,1165035.537,intermediaire,long,humide,ok
2022050518+AF8-down.tif,741313.864,rectangulaire,long,humide,ok
2022050519+AF8-down.tif,853415.262,rectangulaire,long,humide,ok
2022050520+AF8-down.tif,854457.978,rectangulaire,restreint,humide,ok
2022050521+AF8-down.tif,1209474.176,intermediaire,long,sec,ok
2022050522+AF8-down.tif,0,NA,NA,NA,NA
2022050523+AF8-down.tif,1308058.19,intermediaire,long,sec,imprecis
2022050524+AF8-down.tif,1176903.535,intermediaire,long,humide,ok
2022050525+AF8-down.tif,960227.249,intermediaire,long,humide,ok
2022050526+AF8-down.tif,432670.068,intermediaire,restreint,humide,ok
2022050527+AF8-down.tif,1560490.139,intermediaire,restreint,humide,ok
2022050528+AF8-down.tif,1643623.005,intermediaire,restreint,humide,ok
2022050529+AF8-down.tif,1072063.229,intermediaire,restreint,humide,ok
2022050530+AF8-down.tif,1695152.11,intermediaire,restreint,humide,ok
2022050531+AF8-down.tif,985366.172,rectangulaire,restreint,humide,ok
2022050601+AF8-down.jpg,0,NA,NA,NA,NA
2022050602+AF8-down.jpg,1397371.514,rectangulaire,long,sec,ok
2022050603+AF8-down.jpg,730071.494,rectangulaire,long,sec,ok
2022050604+AF8-down.jpg,0,NA,NA,NA,NA
2022050605+AF8-down.jpg,803194.291,intermediaire,long,sec,ok
2022050606+AF8-down.jpg,1111724.336,rectangulaire,long,sec,ok
2022050607+AF8-down.jpg,964417.069,rectangulaire,long,sec,ok
2022050608+AF8-down.jpg,920907.394,rectangulaire,long,sec,ok
2022050609+AF8-down.jpg,869245.58,rectangulaire,long,sec,ok
2022050610+AF8-down.jpg,987015.559,rectangulaire,long,humide,ok
2022050611+AF8-down.jpg,1057113.364,rectangulaire,long,humide,ok
2022050612+AF8-down.jpg,1154646.298,intermediaire,long,humide,ok
2022050613+AF8-down.jpg,943316.299,intermediaire,long,humide,ok
2022050614+AF8-down.jpg,1032572.748,rectangulaire,long,humide,ok
2022050615+AF8-down.jpg,965782.079,rectangulaire,long,sec,ok
2022050616+AF8-down.jpg,829186.345,rectangulaire,long,sec,ok
2022050617+AF8-down.jpg,1719229.359,rectangulaire,long,humide,ok
2022050618+AF8-down.jpg,907920.846,intermediaire,long,sec,ok
2022050619+AF8-down.jpg,661612.481,rectangulaire,long,sec,ok
2022050620+AF8-down.jpg,608737.324,rectangulaire,long,sec,ok
2022050621+AF8-down.jpg,895048.049,rectangulaire,long,sec,ok
2022050622+AF8-down.jpg,912717.338,rectangulaire,long,sec,ok
2022050623+AF8-down.jpg,1064877.971,rectangulaire,long,sec,ok
2022050624+AF8-down.jpg,671850.051,intermediaire,long,sec,ok
2022050625+AF8-down.jpg,795667.78,intermediaire,long,sec,ok
2022050626+AF8-down.jpg,0,NA,NA,NA,NA
2022050627+AF8-down.jpg,833963.878,rectangulaire,long,sec,ok
2022050628+AF8-down.jpg,609306.078,rectangulaire,restreint,humide,ok
2022050629+AF8-down.jpg,687187.449,rectangulaire,restreint,humide,ok
2022050630+AF8-down.jpg,521907.559,rectangulaire,restreint,humide,ok
2022050631+AF8-down.jpg,758547.108,rectangulaire,restreint,humide,ok
2022050632+AF8-down.jpg,702183.594,rectangulaire,restreint,humide,ok
2022050633+AF8-down.jpg,666314.18,rectangulaire,restreint,humide,ok
2022050634+AF8-down.jpg,1723229.595,intermediaire,long,humide,ok
2022052401+AF8-down.tif,1989596.016,intermediaire,long,humide,ok
2022052402+AF8-down.tif,2077828.708,intermediaire,long,humide,ok
2022052403+AF8-down.tif,0,NA,NA,NA,NA
2022052404+AF8-down.tif,1555712.607,intermediaire,long,humide,ok
2022052406+AF8-down.tif,2125471.328,intermediaire,long,humide,ok
2022052407+AF8-down.tif,1893590.354,intermediaire,long,humide,ok
2022052408+AF8-down.tif,2201229.351,intermediaire,long,humide,ok
2022052409+AF8-down.tif,1728253.588,intermediaire,long,humide,ok
2022052410+AF8-down.tif,1912624.652,intermediaire,long,humide,ok
2022052411+AF8-down.tif,2465586.175,intermediaire,long,humide,ok
2022052412+AF8-down.tif,1761582.568,intermediaire,long,humide,ok
2022052413+AF8-down.tif,2243184.432,intermediaire,long,humide,ok
2022052414+AF8-down.tif,2024252.089,intermediaire,long,humide,ok
2022052415+AF8-down.tif,1744083.906,intermediaire,long,humide,ok
2022052416+AF8-down.tif,2059059.829,intermediaire,long,humide,ok
2022052418+AF8-down.tif,2034584.452,intermediaire,long,humide,doute
2022052419+AF8-down.tif,1925800.784,intermediaire,long,humide,ok
2022052420+AF8-down.tif,2092521.518,intermediaire,long,humide,ok
2022052421+AF8-down.tif,1579941.524,intermediaire,long,humide,ok
2022052422+AF8-down.tif,1788427.754,intermediaire,long,humide,ok
2022052423+AF8-down.tif,1723495.014,rectangulaire,long,humide,ok
2022052424+AF8-down.tif,1459574.235,intermediaire,long,humide,ok
2022052425+AF8-down.tif,2054415.005,intermediaire,long,humide,ok
2022052426+AF8-down.tif,1957802.672,intermediaire,long,humide,ok
2022052427+AF8-down.tif,1992610.412,rectangulaire,long,humide,ok
2022052428+AF8-down.tif,1607071.086,rectangulaire,long,humide,ok
2022052429+AF8-down.tif,1899202.059,rectangulaire,long,humide,ok
2022052430+AF8-down.tif,1715814.197,rectangulaire,long,humide,ok
2022052431+AF8-down.tif,1276458.996,rectangulaire,long,humide,ok
2022052432+AF8-down.tif,1516344.441,rectangulaire,long,humide,ok
2022052433+AF8-down.tif,1918724.392,intermediaire,long,humide,ok
2022052434+AF8-down.tif,2597662.582,rectangulaire,long,humide,ok
2022052435+AF8-down.tif,1827496.089,intermediaire,long,humide,ok
2022052436+AF8-down.tif,2082504.336,rectangulaire,long,humide,ok
2022052437+AF8-down.tif,1504813.304,rectangulaire,long,humide,ok
2022052438+AF8-down.tif,1322980.515,rectangulaire,long,humide,ok
2022052439+AF8-down.tif,1895227.338,rectangulaire,long,humide,ok
2022052440+AF8-down.tif,1578574.77,rectangulaire,long,humide,ok
2022052441+AF8-down.tif,1903431.458,rectangulaire,long,humide,ok
2022052501+AF8-down.tif,1745700.635,intermediaire,long,humide,ok
2022052502+AF8-down.tif,2135935.728,intermediaire,long,humide,ok
2022052503+AF8-down.tif,2135925.634,intermediaire,long,humide,ok
2022052504+AF8-down.tif,1904055.274,intermediaire,long,humide,ok
2022052505+AF8-down.tif,1568083.327,intermediaire,long,humide,ok
2022052506+AF8-down.tif,1441713.413,intermediaire,long,humide,ok
2022052507+AF8-down.tif,1691806.749,intermediaire,long,humide,bordure
2022052508+AF8-down.tif,2133619.406,intermediaire,long,humide,ok
2022052509+AF8-down.tif,1996455.593,intermediaire,long,humide,ok
2022052510+AF8-down.tif,2095453.235,intermediaire,long,humide,ok
2022052511+AF8-down.tif,2044394.875,intermediaire,long,humide,ok
2022052512+AF8-down.tif,1613470.636,intermediaire,long,humide,ok
2022052513+AF8-down.tif,2037684.132,intermediaire,long,humide,ok
2022052514+AF8-down.tif,2584278.902,rectangulaire,long,sec,ok
2022052515+AF8-down.tif,1187083.237,rectangulaire,long,sec,ok
2022052516+AF8-down.tif,1956134.423,rectangulaire,long,humide,ok
2022052517+AF8-down.tif,1866626.339,rectangulaire,long,humide,ok
2022053101+AF8-down.tif,2007967.826,intermediaire,long,humide,ok
2022053102+AF8-down.tif,2148420.849,intermediaire,long,humide,bordure
2022053103+AF8-down.tif,2000652.171,intermediaire,long,humide,ok
2022053104+AF8-down.tif,1910180.009,intermediaire,long,humide,ok
2022053105+AF8-down.tif,2073657.497,michelin,long,humide,ok
2022053106+AF8-down.tif,1784433.911,michelin,long,humide,bordure
2022053107+AF8-down.tif,1754471.86,intermediaire,long,humide,ok
2022053108+AF8-down.tif,2360140.075,michelin,long,humide,ok
2022053109+AF8-down.tif,2142919.929,michelin,long,humide,ok
2022053110+AF8-down.tif,2410725.847,rectangulaire,long,humide,ok
2022053111+AF8-down.tif,504061.89,rectangulaire,restreint,humide,ok
2022053112+AF8-down.tif,481150.845,rectangulaire,restreint,sec,ok
2022053113+AF8-down.tif,679391.874,rectangulaire,restreint,humide,ok
2022053114+AF8-down.tif,804154.99,rectangulaire,restreint,humide,bordure
2022053115+AF8-down.tif,510167.721,rectangulaire,restreint,humide,bordure
2022053116+AF8-down.tif,1219597.261,rectangulaire,restreint,sec,bordure
2022053117+AF8-down.tif,525989.953,rectangulaire,restreint,sec,bordure
2022053118+AF8-down.tif,652719.033,rectangulaire,restreint,sec,ok
2022080901+AF8-down.tif,1190939.551,rectangulaire,long,sec,ok
2022080902+AF8-down.tif,856668.919,intermediaire,long,sec,ok
2022080903+AF8-down.tif,977651.334,intermediaire,long,humide,ok
2022080904+AF8-down.tif,1001034.967,intermediaire,long,sec,ok
2022080905+AF8-down.tif,848445.896,intermediaire,long,humide,ok
2022080906+AF8-down.tif,696745.289,intermediaire,restreint,sec,ok
2022080907+AF8-down.tif,615365.712,rectangulaire,restreint,sec,ok
2022080908+AF8-down.tif,597010.411,rectangulaire,restreint,sec,ok
2022080909+AF8-down.tif,947500.248,intermediaire,long,sec,ok
2022080910+AF8-down.tif,542908.587,intermediaire,restreint,sec,ok
2022080911+AF8-down.tif,454232.258,intermediaire,restreint,sec,ok
2022080912+AF8-down.tif,479525.144,intermediaire,restreint,sec,ok
2022080914+AF8-down.tif,531793.328,intermediaire,restreint,sec,ok
2022080915+AF8-down.tif,513778.29,intermediaire,restreint,humide,ok
2022080916+AF8-down.tif,238429.875,intermediaire,restreint,humide,ok
2022092101+AF8-down.tif,865837.118,intermediaire,long,humide,ok
2022092103+AF8-down.tif,1141072.112,intermediaire,long,humide,ok
2022092104+AF8-down.tif,959730.814,intermediaire,long,humide,ok
2022092105+AF8-down.tif,922245.169,intermediaire,long,humide,ok
2022092106+AF8-down.tif,1079352.177,rectangulaire,restreint,sec,ok
2022092107+AF8-down.tif,833360.901,intermediaire,long,humide,ok
2022092108+AF8-down.tif,754590.007,intermediaire,long,humide,ok
2022092109+AF8-down.tif,848426.992,intermediaire,long,humide,ok
2022092110+AF8-down.tif,772567.237,intermediaire,long,sec,ok
2022092111+AF8-down.tif,905723.508,intermediaire,long,sec,ok
2022092301+AF8-below.tif,1304814.249,rectangulaire,long,sec,ok
2022092302+AF8-below.tif,1107215.939,rectangulaire,long,sec,ok
2022092303+AF8-below.tif,1134928.474,rectangulaire,long,sec,ok
2022092304+AF8-below.tif,1333358.538,rectangulaire,long,sec,doute
2022092305+AF8-below.tif,1465172.66,rectangulaire,long,sec,ok
2022092306+AF8-below.tif,1095439.057,rectangulaire,long,sec,ok
2022092307+AF8-below.tif,1344284.762,rectangulaire,long,sec,ok
2022092308+AF8-below.tif,1454983.672,rectangulaire,long,sec,ok
2022092309+AF8-below.tif,954343.316,rectangulaire,long,sec,ok
2022092310+AF8-below.tif,1164871.622,rectangulaire,long,sec,ok
2022092311+AF8-below.tif,846650.063,rectangulaire,long,sec,ok
2022092312+AF8-below.tif,1254909.003,rectangulaire,long,sec,ok
2022092313+AF8-below.tif,646140.614,rectangulaire,long,sec,ok
2022092314+AF8-below.tif,1201884.679,intermediaire,restreint,sec,ok
2022092316+AF8-below.tif,1197102.093,intermediaire,long,sec,ok
2022092317+AF8-below.tif,1217725.814,intermediaire,long,sec,imprecis
2022092318+AF8-below.tif,1264511.982,rectangulaire,long,sec,imprecis
2022092319+AF8-below.tif,1261487.422,rectangulaire,long,sec,ok
2022092320+AF8-below.tif,1074399.459,rectangulaire,long,sec,ok
2022092321+AF8-below.tif,1061960.955,rectangulaire,long,humide,ok
2022092322+AF8-below.tif,817803.319,rectangulaire,long,sec,ok
2022110201+AF8-below.tif,783833.725,rectangulaire,long,sec,ok
2022110202+AF8-below.tif,935628.849,rectangulaire,long,humide,ok
2022110203+AF8-below.tif,1139106.148,rectangulaire,long,sec,ok
2022110204+AF8-below.tif,977821.466,rectangulaire,long,humide,ok
2022110205+AF8-below.tif,1154266.757,rectangulaire,long,humide,ok
2022110206+AF8-below.tif,1363226.072,rectangulaire,long,humide,ok
2022110207+AF8-below.tif,997027.424,rectangulaire,long,sec,ok
2022110208+AF8-below.tif,515007.018,rectangulaire,long,humide,ok
2022110209+AF8-below.tif,825780.597,rectangulaire,long,humide,ok
2022110210+AF8-below.tif,911942.76,intermediaire,long,humide,ok
2022110211+AF8-below.tif,512870.922,rectangulaire,restreint,sec,ok
2022110212+AF8-below.tif,1147556.013,rectangulaire,long,humide,ok
2022110213+AF8-below.tif,761225.136,rectangulaire,restreint,humide,ok
2022110214+AF8-below.tif,1232168.09,rectangulaire,long,humide,ok
2022110215+AF8-below.tif,687633.801,rectangulaire,restreint,humide,ok
2022110216+AF8-below.tif,928483.325,intermediaire,long,humide,ok
2022110217+AF8-below.tif,1126705.45,intermediaire,long,humide,ok
2022110301+AF8-below.tif,1293396.534,intermediaire,long,humide,ok
2022110302+AF8-below.tif,1457649.066,intermediaire,long,humide,ok
2022110303+AF8-below.tif,1069560.163,intermediaire,long,humide,ok
2022110304+AF8-below.tif,1236345.764,rectangulaire,long,sec,ok
2022110305+AF8-below.tif,1270806.849,rectangulaire,long,humide,ok
2022110306+AF8-below.tif,834797.567,rectangulaire,long,humide,ok
2022110307+AF8-below.tif,1391864.878,rectangulaire,long,humide,ok
2022110308+AF8-below.tif,1334190.292,rectangulaire,long,humide,ok
2022110309+AF8-below.tif,1288349.299,rectangulaire,long,humide,ok
2022110310+AF8-below.tif,952812.132,intermediaire,long,humide,ok
2022110311+AF8-below.tif,1268670.753,rectangulaire,long,humide,ok
20230314+AF8-below1.tif,222778.307,intermediaire,long,sec,ok
20230314+AF8-below10.tif,343831.741,rectangulaire,long,sec,ok
20230314+AF8-below11.tif,251517.745,rectangulaire,long,sec,ok
20230314+AF8-below12.tif,240372.553,intermediaire,long,sec,ok
20230314+AF8-below13.tif,215854.989,rectangulaire,long,sec,ok
20230314+AF8-below14.tif,227753.424,rectangulaire,long,sec,ok
20230314+AF8-below15.tif,198958.19,intermediaire,long,humide,ok
20230314+AF8-below2.tif,243064.695,rectangulaire,long,sec,ok
20230314+AF8-below3.tif,156776.636,intermediaire,long,sec,ok
20230314+AF8-below4.tif,236536.598,rectangulaire,long,humide,ok
20230314+AF8-below5.tif,108694.686,rectangulaire,restreint,sec,ok
20230314+AF8-below6.tif,230147.989,rectangulaire,long,sec,ok
20230314+AF8-below7.tif,202905.736,rectangulaire,long,sec,ok
20230314+AF8-below8.tif,176714.301,rectangulaire,long,sec,ok
20230314+AF8-below9.tif,151489.992,intermediaire,long,sec,ok
2024010503+AF8-below.tif,1663472.222222222,,,,
2024010504+AF8-below.tif,1484739.583333333,,,,
2024010505+AF8-below.tif,1615069.444444445,,,,
2024010506+AF8-below.tif,1575104.166666667,,,,
2024010413+AF8-below.tif,2088940.972222222,,,,
2024010501+AF8-below.tif,1400399.305555556,,,,
2024010502+AF8-below.tif,1578125.000000000,,,,
2024010409+AF8-below.tif,2132135.416666667,,,,
2024010410+AF8-below.tif,1499322.916666667,,,,
2024010411+AF8-below.tif,1932222.222222222,,,,
2024010412+AF8-below.tif,1655138.888888889,,,,
2024010406+AF8-below.tif,1949861.111111111,,,,
2024010407+AF8-below.tif,2146024.305555556,,,,
2024010408+AF8-below.tif,2395503.472222222,,,,
2024010403+AF8-below.tif,1386059.027777778,,,,
2024010404+AF8-below.tif,1988125.000000000,,,,
2024010405+AF8-below.tif,1398836.805555556,,,,
2024010402+AF8-below.tif,932291.666666667,,,,
2024010305+AF8-below.tif,1014878.472222222,,,,
2024010306+AF8-below.tif,1037673.611111111,,,,
2024010302+AF8-below.tif,1229218.750000000,,,,
2024010303+AF8-below.tif,991406.250000000,,,,
2024010304+AF8-below.tif,1000607.638888889,,,,
2023121910+AF8-below.tif,1406475.694444445,,,,
2024010301+AF8-below.tif,1102517.361111111,,,,
2023121909+AF8-below.tif,1248559.027777778,,,,
2023121907+AF8-below.tif,699062.500000000,,,,
2023121906+AF8-below.tif,1548263.888888889,,,,
2023121905+AF8-below.tif,1416666.666666667,,,,
2023121904+AF8-below.tif,1249236.111111111,,,,
2023121903+AF8-below.tif,2204722.222222222,,,,
2023121902+AF8-below.tif,1264913.194444445,,,,
2023121901+AF8-below.tif,1061857.638888889,,,,
2023121505+AF8-below.tif,1071666.666666667,,,,
2023121506+AF8-below.tif,1470121.527777778,,,,
2023121504+AF8-below.tif,1660954.861111111,,,,
2023121503+AF8-below.tif,1621927.083333333,,,,
2023121501+AF8-below.tif,821041.666666667,,,,
2023121502+AF8-below.tif,1404513.888888889,,,,
2023121409+AF8-below.tif,1504756.944444445,,,,
2023121408+AF8-below.tif,1386388.888888889,,,,
2023121407+AF8-below.tif,1434062.500000000,,,,
2023121406+AF8-below.tif,1342187.500000000,,,,
2023121405+AF8-below.tif,1578993.055555556,,,,
2023121404+AF8-below.tif,915729.166666667,,,,
2023121403+AF8-below.tif,28750.000000000,,,,
2023121402+AF8-below.tif,1736892.361111111,,,,
2023121401+AF8-below.tif,23750.000000000,,,,
2024010401+AF8-below.tif,0,,,,
2023121908+AF8-below.tif,0,,,,
2023121507+AF8-below.tif,0,,,,
2024020205+AF8-below.tif,51346.803845505,,,,
2024020201+AF8-below.tif,585902.782931354,,,,
2024020202+AF8-below.tif,620859.369202226,,,,
2024020203+AF8-below.tif,368218.586608197,,,,
2024020204+AF8-below.tif,492777.331759150,,,,
2024020206+AF8-below.tif,629356.721200877,,,,
2024020207+AF8-below.tif,187701.669758813,,,,
2024020208+AF8-below.tif,602552.066115702,,,,
2024012504+AF8-below.tif,587733.513240007,,,,
2024020101+AF8-below.tif,737352.538370720,,,,
2024020102+AF8-below.tif,706713.712261764,,,,
2024020103+AF8-below.tif,611964.783268679,,,,
2024012502+AF8-below.tif,353624.557260921,,,,
2024012503+AF8-below.tif,624969.876876370,,,,
2024012501+AF8-below.tif,657577.601619160,,,,
