Label;Area;Major;Minor;Angle;Feret;Slice;FeretX;FeretY;FeretAngle;MinFeret;Scale_um;Scale_px
2021120101.jpg_converted.tif:0509-0829;184185;800.715851055;292.877461134;178.973707154;779.616572425;1;440;524;2.278860678;284.330698527;100;23
2021120102.jpg_converted.tif:0585-0770;166947;870.323356464;244.235111808;178.483777990;842.686181209;1;349;581;177.687649955;245.384589736;100;23
2021120103.jpg_converted.tif:0584-0886;187457;937.146117929;254.685646957;175.633848605;902.726979767;1;438;528;173.000942843;252.668673343;100;23
2021120104.jpg_converted.tif:0536-0744;188399;969.107220254;247.523753796;176.445716231;929.621966178;1;280;508;177.903996311;245.309814796;100;23
2021120105.jpg_converted.tif:0568-0841;167061;908.791496674;234.056626148;177.754820648;873.860972924;1;405;542;176.260069012;231.969813108;100;23
2021120106.jpg_converted.tif:0519-0789;196910;966.267901923;259.465928916;1.172261373;933.857055443;1;323;537;2.454907355;256.916537260;100;23
2021120107.jpg_converted.tif:0510-0900;193068;984.629484520;249.659203068;179.917216629;946.357226421;1;427;523;178.425670884;246.418712930;100;23
2021120108.jpg_converted.tif:0564-0849;206637;970.788410796;271.015184029;1.688257239;940.614692635;1;379;590;2.071497481;280.608716628;100;23
2021120109.jpg_converted.tif:0555-0838;192013;968.249972491;252.495276684;179.031818392;929.065121507;1;374;540;179.321610201;248.098318774;100;23
2021120110.jpg_converted.tif:0556-0852;176327;921.747464011;243.566180511;177.701960238;893.270955534;1;406;570;178.588743307;240.563140178;100;23
2021120111.jpg_converted.tif:0563-0835;212471;1016.605144647;266.107722092;177.937691127;978.147739352;1;346;544;179.004161381;260.311833766;100;23
2021120112.jpg_converted.tif:0575-0868;198078;984.713588238;256.115834649;178.679260820;951.883396220;1;393;550;177.531363671;255.686745745;100;23
2021120113.jpg_converted.tif:0497-0832;185057;954.149787947;246.944340822;178.071640836;913.177419782;1;376;480;178.870547163;242.769771535;100;23
2021120114.jpg_converted.tif:0547-0814;201869;981.490322852;261.874811877;178.336843418;937.104583278;1;346;553;0.856009851;257.539909528;100;23
2021120115.jpg_converted.tif:0544-0800;201288;974.217605280;263.070427071;0.195815791;937.730238395;1;332;513;177.738694761;258.438521503;100;23
2021120116.jpg_converted.tif:0532-0802;204284;989.488714013;262.865521833;0.449852902;956.063282424;1;324;551;0.659231969;258.918839202;100;23
2021120117.jpg_converted.tif:0516-0781;180697;930.069760560;247.369149897;3.048898077;898.074050399;1;333;552;3.894707313;245.212570648;100;23
2021120118.jpg_converted.tif:0525-0813;192656;968.719583587;253.218002285;178.601035575;930.516523228;1;348;515;178.090847567;248.202323517;100;23
2021120119.jpg_converted.tif:0529-0842;183241;949.851493153;245.627541883;179.971030823;909.371761163;1;388;539;178.361623524;239.848540314;100;23
2021120120.jpg_converted.tif:0607-0774;183426;933.817096978;250.097409320;1.255273070;899.160719783;1;325;593;1.083328340;243.626512250;100;23
2021120121.jpg_converted.tif:0604-0824;185793;933.556491622;253.395479393;0.647216345;902.179583010;1;373;606;178.856776981;258.000000000;100;23
2021120122.jpg_converted.tif:0555-0899;164892;887.000690320;236.693181078;0.714616390;857.635120550;1;471;576;2.205165752;231.496821625;100;23
2021120123.jpg_converted.tif:0576-0793;192208;966.989963231;253.081040879;179.267377015;931.237885827;1;328;542;177.045420176;248.627854059;100;23
2021120124.jpg_converted.tif:0567-0812;182692;922.483782820;252.156930278;177.340788763;889.190643226;1;368;535;177.034625945;246.181135112;100;23
2021120125.jpg_converted.tif:0567-0909;195734;966.952623756;257.733691317;179.425301644;925.998920086;1;447;570;177.338436623;253.283991967;100;23
2021120126.jpg_converted.tif:0541-0885;179297;943.524027775;241.952535317;0.926352018;909.158951999;1;431;511;1.071413330;238.968979372;100;23
2021120127.jpg_converted.tif:0583-0824;186087;940.816338648;251.838023457;179.456442899;911.527289773;1;369;555;178.051060292;252.654388317;100;23
2021120128.jpg_converted.tif:0550-0788;205860;1007.031073186;260.279051618;178.381248938;969.140340714;1;304;533;177.220259828;257.512072606;100;23
2021120129.jpg_converted.tif:0543-0853;193508;970.315482210;253.919516219;1.330763222;934.772699644;1;386;567;2.329806739;251.015738890;100;23
2022012706.jpg_converted.tif:0614-0849;157648;731.110457580;274.546295525;179.368716007;727.011004043;1;486;618;0.315241823;274.000000000;1000;230
2022012707.jpg_converted.tif:0593-0835;136389;710.475230329;244.422128814;179.369143300;697.121223318;1;487;593;1.068520489;247.087567856;1000;230
2022012708.jpg_converted.tif:0607-0812;143330;687.594634632;265.408446715;0.159467118;678.188764283;1;473;612;1.351861876;264.000000000;1000;230
2022012709.jpg_converted.tif:0600-0812;148180;713.527604098;264.416729858;0.157683126;709.070518355;1;458;608;0.808067428;267.355812608;1000;230
2022012710.jpg_converted.tif:0644-0832;146263;710.250949820;262.200051375;0.102439440;703.057607881;1;481;632;179.266523689;262.000000000;1000;230
2022012711.jpg_converted.tif:0524-0883;131768;670.980798731;250.040282297;179.849926222;667.006746593;1;550;530;0.257700419;254.381142684;1000;230
2022012712.jpg_converted.tif:0576-0880;136205;685.452306133;253.003149364;179.275839575;683.264224148;1;539;573;178.406531295;254.910200649;1000;230
2022012713.jpg_converted.tif:0615-0852;151776;705.939101728;273.744866475;179.433381336;705.070918419;1;500;612;179.187348406;276.000000000;1000;230
2022012714.jpg_converted.tif:0594-0819;145968;697.979463018;266.271774047;0.050347782;690.046375253;1;474;585;179.335730871;267.839813594;1000;230
2022012720.jpg_converted.tif:0583-0782;228749;909.624923972;320.189415377;0.602045537;897.031214619;1;334;606;2.747577786;323.799057850;1000;230
2022012721.jpg_converted.tif:0523-0788;216776;900.963014139;306.347509518;178.434705735;887.730251822;1;345;515;177.675854995;312.443665315;1000;230
2022012722.jpg_converted.tif:0577-0800;266622;970.199768085;349.900798849;179.158320191;954.570584085;1;323;573;178.018860446;351.138791096;1000;230
2022012723.jpg_converted.tif:0604-0909;230108;884.930922347;331.079633179;178.522370850;873.036654442;1;473;589;179.474967461;333.326340706;1000;230
2022012724.jpg_converted.tif:0595-0870;288691;995.505801218;369.232200314;177.759348977;983.854664064;1;379;566;177.611631572;370.178135606;1000;230
2022012725.jpg_converted.tif:0566-0874;270860;952.180618188;362.189333095;0.218240348;942.331682583;1;403;554;178.479768221;362.789884093;1000;230
2022020401.jpg_converted.tif:0562-0829;252695;979.012051286;328.638719344;0.330839860;954.679003645;1;352;543;177.838920512;332.813855331;1000;230
2022020402.jpg_converted.tif:0545-0827;251401;900.905167964;355.302318344;0.085802163;895.321729883;1;380;574;1.536055027;355.000000000;1000;230
2022020403.jpg_converted.tif:0457-0930;238185;993.423164315;305.274299872;1.020276593;968.240672560;1;447;473;2.900821082;305.000000000;1000;230
2022020404.jpg_converted.tif:0573-0850;267774;1021.854575370;333.648695294;178.464134155;985.170036085;1;358;564;177.207297634;335.199006504;1000;230
2022020405.jpg_converted.tif:0572-0925;251842;947.954118248;338.260246200;179.976715261;939.511575235;1;456;591;1.890867195;341.980166315;1000;230
2022020406.jpg_converted.tif:0581-0804;279057;1022.453344476;347.503785434;1.145830934;1012.505802453;1;298;604;1.811120792;347.561602044;1000;230
2022020407.jpg_converted.tif:0592-0795;264718;957.668494380;351.947910766;179.626378222;943.358362448;1;324;601;1.579335054;352.000000000;1000;230
2022020408.jpg_converted.tif:0607-0728;237046;1105.066003912;273.120646235;0.836882278;1067.171963650;1;195;637;2.685451112;270.982548094;1000;230
2022020409.jpg_converted.tif:0574-0800;209262;994.967974522;267.788170507;179.205685169;957.033437242;1;322;587;0.478950428;256.875977256;1000;230
2022020410.jpg_converted.tif:0620-0774;226158;1016.056455501;283.402863492;179.444932209;990.182306447;1;279;586;178.900519007;280.283965892;1000;230
2022020411.jpg_converted.tif:0562-0797;231899;1029.970396120;286.671324047;179.913505982;995.024622811;1;300;542;0.403079236;278.785839631;1000;230
2022020412.jpg_converted.tif:0574-0839;222199;1025.263542013;275.941299000;1.116856139;987.693272226;1;346;587;2.146860817;271.000000000;1000;230
2022020413.jpg_converted.tif:0543-0803;244477;1090.885711216;285.344084149;0.506696551;1054.296447874;1;276;540;1.358753280;276.652266394;1000;230
2022020414.jpg_converted.tif:0564-0838;223072;1032.457220381;275.095264110;179.187250002;994.012575373;1;341;564;0.288205716;269.116289019;1000;230
2022020415.jpg_converted.tif:0613-0804;215309;1001.749754475;273.661093415;179.451246133;968.632541266;1;320;591;177.929257147;268.000000000;1000;230
2022020416.jpg_converted.tif:0560-0812;228878;1032.371512166;282.278731141;0.123087944;997.686323450;1;314;600;2.125347456;281.000000000;1000;230
2022020417.jpg_converted.tif:0566-0820;216324;1001.210487271;275.099267114;0.193587137;964.564668646;1;338;569;178.039395563;270.936590377;1000;230
2022020418.jpg_converted.tif:0580-0747;242907;1080.831002481;286.149081015;1.262009370;1046.080780820;1;224;575;0.712052378;284.390465515;1000;230
2022020419.jpg_converted.tif:0544-0742;228268;1053.437737370;275.896556662;178.775099782;1014.142494919;1;235;553;0.960490147;269.118415694;1000;230
2022020810.jpg_converted.tif:0612-0787;235912;1079.926955748;278.141485291;178.783663160;1037.156208100;1;269;584;179.005573314;271.211969678;1000;230
2022020811.jpg_converted.tif:0558-0874;226240;1070.901640966;268.986154827;178.990319536;1028.120615492;1;361;527;176.319377827;263.877577507;1000;230
2022021113.jpg_converted.tif:0584-0662;213449;886.106980882;306.703043140;177.798591701;875.005142842;1;225;578;0.196441903;306.481760004;1000;230
2022021114.jpg_converted.tif:0597-0602;200008;848.358110733;300.177592035;0.895238667;852.803025323;1;176;622;2.486634581;304.663525009;1000;230
2022021115.jpg_converted.tif:0585-0772;218143;880.731414780;315.360948124;179.669298157;886.225704886;1;329;576;178.706861159;322.000000000;1000;230
2022021116.jpg_converted.tif:0621-0648;211456;865.701531031;311.001114727;2.235968935;865.187262967;1;216;627;1.192110066;316.647694038;1000;230
2022021117.jpg_converted.tif:0537-0694;200719;851.848369110;300.010397915;179.386081583;848.566438177;1;270;525;177.906393180;306.673458888;1000;230
2022021118.jpg_converted.tif:0612-0783;181545;793.601131272;291.267570119;177.005947909;792.114259435;1;388;572;176.960600431;291.580965386;1000;230
2022021801.jpg_converted.tif:0569-0763;156279;728.353902998;273.192196805;2.518726967;719.602668144;1;404;601;3.824667509;274.136785348;1000;230
2022021802.jpg_converted.tif:0557-0764;149136;692.318661581;274.275219319;1.111324626;688.142427118;1;420;569;1.165741606;274.000000000;1000;230
2022021803.jpg_converted.tif:0619-0983;155445;723.873180351;273.416292251;0.422723857;722.024930318;1;622;613;0.476131252;273.987802797;1000;230
2022021804.jpg_converted.tif:0551-0835;157287;723.535249438;276.785448157;0.058855542;718.201225284;1;476;556;1.356331896;278.791118397;1000;230
2022021805.jpg_converted.tif:0558-0937;152068;715.160953298;270.734846744;179.221266928;711.056959744;1;582;574;0.725224299;271.536178160;1000;230
2022021806.jpg_converted.tif:0664-0808;279216;966.290748757;367.910852070;1.180630803;954.410813015;1;331;652;178.318845486;376.919464981;1000;230
2022021807.jpg_converted.tif:0622-0809;288839;995.949959027;369.256741796;1.659881694;985.146689585;1;318;646;3.783125058;373.487278216;1000;230
2022021808.jpg_converted.tif:0564-0746;275559;935.451798526;375.062206584;0.452369008;935.692791465;1;279;591;2.204951558;380.519889462;1000;230
2022021809.jpg_converted.tif:0583-0801;245531;951.046811936;328.711241902;0.137499703;922.455961008;1;340;588;1.801550966;323.801154343;1000;230
2022021810.jpg_converted.tif:0599-0851;200700;817.763954939;312.485253336;0.247551151;813.710636529;1;445;604;2.394738021;316.993919223;1000;230
2022021811.jpg_converted.tif:0540-0853;280725;1016.392624119;351.665451632;1.909225612;1001.566772612;1;353;536;3.205215931;350.725259588;1000;230
2022021812.jpg_converted.tif:0567-0759;212770;871.685001820;310.785636288;0.905761982;860.955864142;1;330;601;3.862769374;313.967147341;1000;230
2022021813.jpg_converted.tif:0634-0783;263332;930.502596854;360.326469725;0.463629524;920.489000477;1;323;632;1.867678839;365.229670217;1000;230
2022021814.jpg_converted.tif:0625-0789;213235;877.074945455;309.550780955;177.555529008;856.799276377;1;361;607;177.524970723;306.550992625;1000;230
2022021815.jpg_converted.tif:0523-0652;163355;763.507113950;272.414024742;179.356544634;759.674272304;1;273;544;2.414202578;277.093516459;1000;230
2022021816.jpg_converted.tif:0571-0846;224677;902.436220077;316.994857728;0.739229021;884.183238927;1;404;587;1.166494948;315.247579321;1000;230
2022021817.jpg_converted.tif:0607-0782;208201;882.057330112;300.535733227;0.510599781;866.810821345;1;350;633;3.704152900;303.000000000;1000;230
2022021818.jpg_converted.tif:0604-0797;231853;858.083966913;344.027414039;1.692538921;858.797414994;1;368;615;2.469267128;351.866431810;1000;230
2022021819.jpg_converted.tif:0631-0801;235032;897.627242772;333.381188113;1.513497796;888.166651029;1;358;666;4.002885887;334.646504134;1000;230
2022021820.jpg_converted.tif:0539-0807;201375;880.905163444;291.062675032;1.044990615;856.402942545;1;380;567;3.280029904;287.904843200;1000;230
2022021821.jpg_converted.tif:0552-0843;240556;921.558077597;332.356060208;1.475877804;907.703145307;1;391;601;4.422911429;332.000000000;1000;230
2022021822.jpg_converted.tif:0604-0878;263535;959.900780102;349.560277872;2.624906678;945.141788305;1;407;647;4.673023716;353.258531409;1000;230
2022021823.jpg_converted.tif:0586-0804;197115;870.895777915;288.179847951;179.648796844;847.170584947;1;381;593;1.149819942;285.944297332;1000;230
2022021824.jpg_converted.tif:0581-0839;246230;921.785905705;340.111267877;1.174104472;910.123617977;1;384;593;179.055649596;344.705496740;1000;230
2022021825.jpg_converted.tif:0517-0795;243145;969.990049755;319.159798786;1.456023854;938.688979375;1;326;545;4.337847045;317.599804028;1000;230
2022021826.jpg_converted.tif:0570-0864;233635;917.370987416;324.267199546;179.875450839;912.561230822;1;408;579;2.009553813;324.000000000;1000;230
2022030401.tif_converted.tif:0557-0733;276441;982.352960773;358.298521042;1.149132879;979.816819615;1;244;591;2.339690649;362.291908748;1000;230
2022030402.tif_converted.tif:0560-0753;277475;1010.932009564;349.471714550;0.491800185;999.648438202;1;254;578;2.063819728;351.930792976;1000;230
2022030403.tif_converted.tif:0599-0788;254407;956.585853713;338.622039621;177.845071018;951.892851113;1;313;580;176.386119248;342.597235346;1000;230
2022030404.tif_converted.tif:0575-0859;221890;889.851907659;317.490045422;176.302199931;891.636697316;1;414;551;176.527883382;319.399418990;1000;230
2022030405.tif_converted.tif:0583-0780;190523;838.553397306;289.285594168;179.446043870;837.021505100;1;362;580;179.589284601;289.922302352;1000;230
2022030406.tif_converted.tif:0544-0637;181048;826.196207056;279.010568103;0.151182307;827.087057086;1;224;545;0.831319354;284.608323455;1000;230
2022030407.tif_converted.tif:0589-0624;208070;892.190702694;296.935342717;178.694371422;880.184071658;1;184;577;178.828204277;299.344479818;1000;230
2022030408.tif_converted.tif:0603-0710;213048;883.391269503;307.067941343;0.957817553;879.096126712;1;271;597;179.152683920;307.522993908;1000;230
2022030409.tif_converted.tif:0551-0730;197120;852.550943381;294.388248593;179.140983666;844.313330464;1;308;550;178.439008457;299.205481308;1000;230
2022030410.tif_converted.tif:0626-0567;197823;866.246841171;290.767082184;178.822347305;858.754912650;1;138;609;177.597390531;296.720200055;1000;230
2022030411.tif_converted.tif:0617-0672;203416;851.239467568;304.259030625;0.282209719;849.009422798;1;248;616;179.730057218;309.000000000;1000;230
2022030412.tif_converted.tif:0590-0705;199468;909.642922150;279.198066983;0.519765851;904.497650633;1;253;632;1.900711066;278.294183535;1000;230
2022030413.tif_converted.tif:0612-0545;183166;820.905113833;284.093972033;2.232108983;822.840203199;1;135;656;3.832602167;289.968118221;1000;230
2022030414.tif_converted.tif:0495-0641;207269;931.829494875;283.209630784;0.685695171;923.097502976;1;180;531;2.794214447;282.063696572;1000;230
2022030415.tif_converted.tif:0576-0800;162229;749.210404743;275.698758046;179.511706748;736.067931648;1;432;547;179.221572633;271.000000000;1000;230
2022030416.tif_converted.tif:0572-0811;140959;704.026075259;254.926030858;179.910880464;700.446286306;1;461;573;177.954591511;260.000000000;1000;230
2022030417.tif_converted.tif:0571-0870;143994;707.811805080;259.022036209;179.663670903;710.203491966;1;515;616;1.371608703;258.067746671;1000;230
2022030418.tif_converted.tif:0598-0851;151038;701.439765186;274.161180906;2.349357391;705.771917832;1;499;588;2.679973940;278.865672132;1000;230
2022031511.jpg_converted.tif:0564-0821;138971;658.969603761;268.515227048;0.188163640;651.601872312;1;496;516;177.537183324;265.976614935;1000;230
2022031512.jpg_converted.tif:0527-0771;141916;701.547748786;257.563456719;179.214341430;689.417870381;1;427;519;178.005017479;256.196041335;1000;230
2022031513.jpg_converted.tif:0621-0845;137771;681.055655093;257.564097744;176.863659639;671.268947591;1;510;617;178.378049178;256.575831911;1000;230
2022031514.jpg_converted.tif:0581-0819;246237;1066.431174155;293.988673039;176.835061853;1058.327926495;1;291;553;177.129484203;298.543297197;1000;230
2022031515.jpg_converted.tif:0507-0762;241380;1027.226478591;299.188706399;178.313235971;999.072069472;1;263;514;179.311795507;308.000000000;1000;230
2022040801.jpg_converted.tif:0600-0788;229760;1075.152541949;272.091174400;179.374820687;1028.017509579;1;274;604;0.334407367;263.406024109;500;115
2022040802.jpg_converted.tif:0530-0733;240674;1077.887554404;284.292784472;177.892487008;1041.158009142;1;214;522;176.310385518;281.865704654;500;115
2022040803.jpg_converted.tif:0583-0722;231178;1057.937064757;278.225407993;0.877679702;1020.259280771;1;212;615;1.291744753;274.997875470;500;115
2022040804.jpg_converted.tif:0605-0879;234912;1054.622508117;283.607874506;179.338831885;1014.233207896;1;373;580;177.174268581;278.873654570;500;115
2022040805.jpg_converted.tif:0565-0837;225842;1013.207961930;283.802512482;178.818447782;980.224974177;1;347;597;1.227578832;277.590394317;500;115
2022040806.jpg_converted.tif:0634-0868;235837;1025.551923601;292.795506109;1.668793941;998.050098943;1;369;634;179.425913205;289.756464515;500;115
2022040807.jpg_converted.tif:0562-0773;227114;1030.743346165;280.545615006;0.277022661;991.201795801;1;278;570;1.156165542;278.733402173;500;115
2022040808.jpg_converted.tif:0540-0834;247837;1070.310536411;294.826462334;179.407081045;1032.980638734;1;318;495;177.503219151;291.745477725;500;115
2022040809.jpg_converted.tif:0602-0824;240717;1076.456215726;284.721662630;179.990822931;1037.233339225;1;306;595;178.784649864;279.741518270;500;115
2022040810.jpg_converted.tif:0608-0926;242920;1090.869071327;283.531138921;0.140832875;1053.877602001;1;400;660;2.338414459;287.000000000;500;115
2022040811.jpg_converted.tif:0583-0800;243213;1077.559329434;287.379451818;0.906550654;1037.557227337;1;282;600;1.877877447;284.543538517;500;115
2022040812.jpg_converted.tif:0569-0788;227605;1087.788553365;266.408104482;179.788728214;1040.108167452;1;268;565;179.173675860;259.302648888;500;115
2022040813.jpg_converted.tif:0501-0801;239694;1073.787145697;284.216365095;178.756794872;1033.526971104;1;285;491;178.170263386;278.868246403;500;115
2022040814.jpg_converted.tif:0570-0799;231472;1052.948645741;279.899029351;178.918481491;1017.001966566;1;291;557;179.887324079;277.044106245;500;115
2022040815.jpg_converted.tif:0610-0833;231306;1060.165223745;277.794384817;0.568522449;1021.141518106;1;323;638;179.046093775;276.276879656;500;115
2022040816.jpg_converted.tif:0553-0750;215637;1014.063231748;270.749936604;0.824855902;976.041495020;1;262;579;179.471672746;270.110187129;500;115
2022040817.jpg_converted.tif:0495-0836;237566;1070.011450536;282.687092305;179.224243545;1052.273728647;1;310;569;1.306901349;287.974597395;500;115
2022040818.jpg_converted.tif:0571-0803;245764;1084.747434649;288.469401703;178.172748837;1049.068634552;1;279;573;179.344595457;283.008368996;500;115
2022040819.jpg_converted.tif:0648-0862;220599;1031.234441469;272.368104705;1.190423921;989.163788258;1;368;633;178.957320344;265.836078505;500;115
2022040820.jpg_converted.tif:0600-0824;242679;1057.355564652;292.227619361;178.388564528;1024.079098508;1;313;596;177.369492357;292.285821682;500;115
2022040821.jpg_converted.tif:0581-0817;232450;1032.080055386;286.765092135;179.077362244;996.157116122;1;319;574;177.238123660;284.626706676;500;115
2022040822.jpg_converted.tif:0604-0836;240212;1055.394965151;289.794273821;178.950015881;1020.784012414;1;326;549;177.754257434;281.487484304;500;115
2022040823.jpg_converted.tif:0603-0847;219544;1053.823027710;265.255261329;177.940625973;1017.142074639;1;339;610;179.042342629;261.624303412;500;115
2022040824.jpg_converted.tif:0549-0802;217669;1005.651264329;275.587361438;178.948938309;976.025102136;1;314;580;0.410925799;271.296651173;500;115
2022041501.jpg_converted.tif:0590-0800;238829;1040.379329295;292.284283883;179.737245802;1013.039979468;1;294;565;0.509031045;288.643241564;1000;230
2022041502.jpg_converted.tif:0595-0748;231173;1041.116719613;282.714319855;1.717885009;1004.012450122;1;246;587;0.285335189;283.435713096;1000;230
2022041503.jpg_converted.tif:0563-0861;225186;1073.835805662;267.001452744;178.664733680;1032.802982180;1;346;537;176.613993358;263.909977341;1000;230
2022041504.jpg_converted.tif:0557-0808;230919;1041.618728610;282.267584438;179.841155396;1010.309358563;1;303;601;1.417922831;279.372826535;1000;230
2022041505.jpg_converted.tif:0539-0750;238814;1070.661478309;283.999597255;0.527999934;1033.853471242;1;234;571;2.328265283;276.000000000;1000;230
2022041506.jpg_converted.tif:0545-0745;242103;1075.075070461;286.728919653;179.085502922;1039.192474954;1;226;540;178.897233794;282.349206381;1000;230
2022041507.jpg_converted.tif:0555-0783;245313;1065.687504037;293.089870393;0.875111584;1035.697349615;1;266;596;2.102668708;288.700618390;1000;230
2022041508.jpg_converted.tif:0541-0890;225269;1061.381974996;270.233908018;1.976021773;1012.217861925;1;384;555;178.811226569;263.978792460;1000;230
2022041509.jpg_converted.tif:0515-0775;230295;1049.336552811;279.434372289;1.806989044;1020.216153567;1;265;505;1.179452362;276.882008407;1000;230
2022041510.jpg_converted.tif:0582-0788;222122;1019.910432912;277.293480907;1.687778773;995.928712308;1;291;632;2.474559261;278.226006448;1000;230
2022041511.jpg_converted.tif:0588-0812;228073;1059.862765480;273.989776926;177.787329322;1018.950440404;1;303;579;177.525101979;271.332170096;1000;230
2022041512.jpg_converted.tif:0650-0848;236433;1068.663550116;281.693752208;0.306012889;1027.498418490;1;335;663;1.784685434;277.588863111;1000;230
2022041513.jpg_converted.tif:0552-0791;248176;1098.083258758;287.762785503;0.959715973;1051.457084241;1;266;565;1.689490339;277.000000000;1000;230
2022041514.jpg_converted.tif:0520-0836;231033;1058.997889971;277.772368127;1.201483956;1018.000491159;1;327;552;179.943717327;273.624213531;1000;230
2022041515.jpg_converted.tif:0624-0847;234384;1099.684801605;271.375013111;0.967969062;1046.348412337;1;324;622;1.478625816;262.337384463;1000;230
2022041516.jpg_converted.tif:0591-0840;238468;1118.822036036;271.380861276;1.573956238;1071.268873813;1;305;607;1.283724186;266.596725325;1000;230
2022041517.jpg_converted.tif:0597-0858;211168;1027.094505992;261.774789578;177.914818792;985.320759956;1;366;585;177.033056445;257.157818940;1000;230
2022041518.jpg_converted.tif:0533-0858;228509;1046.730102115;277.957703270;1.563625558;1011.126599393;1;353;546;0.906682442;273.012989792;1000;230
2022041519.jpg_converted.tif:0598-0851;211412;1000.511145215;269.040599816;1.390723755;968.132222375;1;367;599;0.946951447;266.890011271;1000;230
2022041520.jpg_converted.tif:0519-0749;234214;1061.598490332;280.907074988;0.246262538;1023.439788165;1;238;536;1.679746729;276.474584034;1000;230
2022041521.jpg_converted.tif:0585-0788;219870;1035.287825879;270.405168208;1.703218537;997.265260600;1;290;588;1.321533832;271.100627572;1000;230
2022041522.jpg_converted.tif:0635-0807;227559;1065.764015173;271.858604190;0.577165095;1025.140965916;1;295;642;179.049815652;265.099377701;1000;230
2022041523.jpg_converted.tif:0581-0831;230340;1056.381297042;277.625131717;0.519633402;1016.070863670;1;323;576;179.323309660;271.000000000;1000;230
2022041524.jpg_converted.tif:0666-0849;254735;1104.508646469;293.649738700;179.723828582;1070.077100026;1;315;607;177.429044564;299.737711758;1000;230
2022041525.jpg_converted.tif:0567-0815;231641;1071.271475200;275.312549815;1.091621765;1029.808234576;1;301;596;3.395864893;266.000000000;1000;230
2022041526.jpg_converted.tif:0598-0849;247845;1121.871177512;281.285464223;0.518150335;1079.389642344;1;310;596;1.539553006;277.752230447;1000;230
2022041527.jpg_converted.tif:0601-0802;236458;1041.315057654;289.122560992;1.207717325;1002.220035721;1;301;602;1.200633982;283.822805140;1000;230
2022041528.jpg_converted.tif:0526-0818;231711;1057.687093175;278.932786505;1.948329818;1019.031402853;1;309;515;179.550189579;272.986343584;1000;230
2022041529.jpg_converted.tif:0581-0783;223998;1028.790156056;277.221851184;0.055220707;989.849483507;1;289;559;177.626104541;273.927335235;1000;230
2022041530.jpg_converted.tif:0595-0875;255245;1098.398016025;295.874558088;2.324801044;1058.590100086;1;346;597;3.140800303;288.819108608;1000;230
2022042101.tif_converted.tif:0540-0743;231325;1069.237399078;275.460003494;178.127492925;1026.528129181;1;231;520;175.978009823;266.379119458;1000;230
2022042102.tif_converted.tif:0580-0808;228011;1047.003266739;277.279575964;179.131478409;1010.261847246;1;303;565;178.695470093;268.193505234;1000;230
2022042103.tif_converted.tif:0561-0841;232969;1061.604047264;279.412408291;177.799209839;1019.545486970;1;333;522;175.950418297;275.519761314;1000;230
2022042104.tif_converted.tif:0603-0881;248193;1083.377735156;291.688791519;179.150904046;1048.241384415;1;358;568;177.211292320;286.000000000;1000;230
2022042105.tif_converted.tif:0580-0767;245791;1079.462574262;289.913544390;0.473904135;1042.587646196;1;246;591;1.923799061;286.704291862;1000;230
2022042106.tif_converted.tif:0543-0848;242905;1056.259829934;292.803193730;178.719827987;1026.095512124;1;335;553;179.218234762;290.493228619;1000;230
2022042107.tif_converted.tif:0607-0838;206118;1011.428342651;259.472250692;2.861429754;972.338418453;1;353;630;3.006593366;253.956232678;1000;230
2022042201.jpg_converted.tif:0488-0857;204931;1037.636077014;251.462202329;179.963708812;1032.627716072;1;341;521;1.997879856;259.000000000;1000;230
2022042202.jpg_converted.tif:0511-0720;226377;1031.027140079;279.558255272;0.598946348;999.084581004;1;221;504;0.745548643;270.366330274;1000;230
2022042203.jpg_converted.tif:0590-0852;209943;1017.164202638;262.797028294;179.942429936;977.184731768;1;364;600;178.885892933;257.000000000;1000;230
2022042204.jpg_converted.tif:0565-0763;251964;1120.843256551;286.222472924;1.543134226;1079.205726449;1;224;589;2.708634127;281.652887042;1000;230
2022042205.tif_converted.tif:0607-0783;224213;1037.397642326;275.185566649;178.941472221;1006.024353582;1;280;602;179.601328048;271.503329046;1000;230
2022042206.tif_converted.tif:0612-0761;212170;984.691792843;274.342932652;179.364961062;954.838206190;1;284;576;177.599067538;271.201378055;1000;230
2022042207.tif_converted.tif:0567-0749;228158;1018.612516822;285.191653598;1.119143586;985.073093735;1;257;544;179.302014881;279.473547666;1000;230
2022042208.tif_converted.tif:0511-0798;210688;1005.961001911;266.666692537;0.170395356;967.405292522;1;315;529;178.341433613;262.286630945;1000;230
2022042209.tif_converted.tif:0566-0790;234132;1080.679091707;275.850734391;179.896476274;1033.139874364;1;274;573;179.057172958;267.000000000;1000;230
2022042210.tif_converted.tif:0530-0737;219807;1024.753996920;273.106487460;0.564196920;987.182860467;1;244;528;178.897177943;266.619998978;1000;230
2022042211.tif_converted.tif:0513-0865;212086;1034.867357993;260.938061288;0.692041856;995.040702685;1;368;525;179.481760851;256.689157373;1000;230
2022042212.tif_converted.tif:0558-0813;213015;1001.080065814;270.926503168;179.620440671;970.051545022;1;328;598;179.409342785;269.086474663;1000;230
2022042213.tif_converted.tif:0524-0796;237128;1049.505001799;287.679188042;0.978898104;1022.356591410;1;285;483;178.486667035;284.824765412;1000;230
2022042214.tif_converted.tif:0540-0784;232365;1062.702464513;278.399944191;177.876865352;1029.257013578;1;270;549;178.719549528;278.584129381;1000;230
2022042215.tif_converted.tif:0570-0852;248489;1096.383477411;288.572408970;177.851242862;1069.056593451;1;318;593;179.410447772;285.864916992;1000;230
2022042216.tif_converted.tif:0589-0804;232192;1047.235390786;282.301418547;179.695015054;1013.126349475;1;298;588;0.904892646;273.838834933;1000;230
2022042217.tif_converted.tif:0507-0765;218243;1068.950562312;259.951795489;179.644075397;1022.195675984;1;254;503;178.878894968;251.523146211;1000;230
2022042218.tif_converted.tif:0620-0746;224086;1031.765356573;276.531049239;179.697250100;993.805312926;1;250;602;177.693260038;268.000000000;1000;230
2022042220.tif_converted.tif:0576-0689;243722;1078.686981057;287.679830916;2.932800435;1042.030709720;1;168;579;0.439882179;283.329159064;1000;230
2022042221.tif_converted.tif:0697-0745;236612;1052.290760362;286.293262763;2.331496161;1016.489055524;1;238;722;3.101664030;282.717971219;1000;230
2022042222.tif_converted.tif:0698-0714;243325;1077.787623550;287.450890559;0.310417257;1042.058059803;1;193;696;179.395172587;281.743961803;1000;230
2022042223.tif_converted.tif:0564-0683;246891;1060.532593801;296.408980051;1.217068879;1028.004377423;1;169;572;179.832794892;289.189129656;1000;230
2022042224.tif_converted.tif:0617-0786;209305;1004.803321506;265.221458973;2.135297455;967.025335759;1;303;632;0.414750208;256.753217181;1000;230
2022042225.tif_converted.tif:0685-0882;229562;1068.018111391;273.672715145;178.360896801;1030.039319638;1;367;684;0.500629993;272.143515838;1000;230
2022042226.tif_converted.tif:0530-0807;231394;1066.661912149;276.207472920;1.131810961;1028.157575472;1;293;528;178.996869015;268.841142768;1000;230
2022042227.tif_converted.tif:0687-0867;252480;1130.317978298;284.404500704;0.684418528;1086.664621675;1;324;663;177.995992908;276.590711252;1000;230
2022042228.tif_converted.tif:0387-0728;207841;981.212634346;269.698300811;1.700338208;949.018967144;1;254;383;179.637755430;265.575062386;1000;230
2022042229.tif_converted.tif:0560-0970;218853;1015.805834815;274.316492910;2.536520308;989.024266639;1;476;621;2.607823281;278.964409900;1000;230
2022042230.tif_converted.tif:0523-0977;211533;1036.478707367;259.853076288;1.927046484;992.888714811;1;481;532;2.424381445;255.346132394;1000;230
2022042231.tif_converted.tif:0522-0681;239143;1077.665802235;282.542439238;3.360845057;1040.848211797;1;162;557;3.414947912;275.160129718;1000;230
2022042232.tif_converted.tif:0550-0802;226421;1036.612152863;278.106107634;177.591646416;997.128376890;1;304;543;179.080587979;272.946718485;1000;230
2022042234.tif_converted.tif:0584-0774;199918;871.570141970;292.051656025;175.647315639;858.028554303;1;346;559;177.194283630;295.183469198;1000;230
2022042235.tif_converted.tif:0551-0682;178087;814.199413452;278.491248037;1.951388455;803.274548333;1;281;566;1.498053774;278.967073196;1000;230
2022042236.tif_converted.tif:0612-0779;213296;903.495593982;300.584644511;177.815559717;895.815271136;1;332;597;176.351851441;298.747248531;1000;230
2022042237.tif_converted.tif:0561-0771;202519;866.152171323;297.701960345;0.151371901;864.187479659;1;339;557;178.806510576;301.000000000;1000;230
2022042238.tif_converted.tif:0522-0782;251643;942.339051077;340.006941652;173.239494430;957.302982342;1;317;451;166.283111509;397.369567712;1000;230
2022042239.tif_converted.tif:0726-0597;181137;818.044458683;281.929409785;5.851141427;805.409833563;1;198;761;7.777981716;285.796789482;1000;230
2022042240.tif_converted.tif:0665-0749;204027;897.478775503;289.450014512;2.888334136;892.036994749;1;304;682;2.762972467;292.670557406;1000;230
2022042241.tif_converted.tif:0668-0723;190296;826.300246948;293.225608125;0.778939189;825.475014764;1;311;718;1.943837903;295.847713635;1000;230
2022042242.tif_converted.tif:0707-0717;193066;861.752055709;285.255212698;7.571280683;849.945880630;1;296;773;9.617474810;285.916248061;1000;230
2022042243.tif_converted.tif:0693-0867;201089;855.295875320;299.351925105;9.060889621;848.248194811;1;449;767;11.906052022;303.286797692;1000;230
2022042245.tif_converted.tif:0569-0846;192123;846.048421352;289.130733986;1.508799984;846.213330077;1;423;592;1.286568365;293.000000000;1000;230
2022042246.tif_converted.tif:0627-0688;195825;857.301685909;290.833597957;0.274060813;850.058821494;1;263;631;0.674036898;295.272779395;1000;230
2022042247.tif_converted.tif:0668-0767;184181;831.734473744;281.948794948;179.583307506;824.442235696;1;355;664;178.123261226;283.719220069;1000;230
2022042248.tif_converted.tif:0512-0807;184592;821.364940252;286.145442207;177.239584796;829.579411509;1;393;482;177.858453607;291.524052936;1000;230
2022042249.tif_converted.tif:0627-0902;197794;848.084985656;296.950360838;176.745525269;847.092084723;1;479;614;177.090307105;298.534277335;1000;230
2022042250.tif_converted.tif:0435-0855;161074;814.613671611;251.758340887;178.384635165;805.121729927;1;453;427;179.003652103;248.937578983;1000;230
2022042501.tif_converted.tif:0539-0969;195915;835.097770756;298.703617878;178.680885716;813.325273184;1;563;552;1.620481592;296.144534580;1000;230
2022042502.tif_converted.tif:0524-0847;175238;796.196661133;280.232211754;179.256498105;780.433213030;1;457;512;178.090847567;281.120345459;1000;230
2022042503.tif_converted.tif:0516-0706;154349;778.920896947;252.301936256;178.059250428;768.666377566;1;322;517;177.614055970;257.085468811;1000;230
2022042504.tif_converted.tif:0476-0924;191147;821.913705554;296.108846480;0.010224326;803.677796135;1;523;510;2.353296866;298.000000000;1000;230
2022042505.tif_converted.tif:0599-0920;187703;823.851180456;290.089870519;0.976300560;809.121128138;1;516;619;0.991422564;293.094712987;1000;230
2022042506.tif_converted.tif:0603-0796;224982;913.439200139;313.601583127;1.737568947;897.644138843;1;348;622;2.170707211;316.000000000;1000;230
2022042507.tif_converted.tif:0542-0888;198957;842.427802971;300.702231347;0.402907165;836.193757451;1;470;539;178.766549395;302.000000000;1000;230
2022042508.tif_converted.tif:0639-0749;220723;897.847249226;313.007866622;0.051895322;870.036780832;1;314;644;0.526842894;315.000000000;1000;230
2022042509.tif_converted.tif:0554-0955;203638;849.740920356;305.128243444;179.747778068;838.134237458;1;536;553;1.025471267;305.670909134;1000;230
2022042510.tif_converted.tif:0593-0922;185408;847.104983321;278.677144106;2.078510551;829.064533073;1;508;619;2.903818865;279.059340938;1000;230
2022042511.tif_converted.tif:0681-0819;174435;829.657544385;267.697848937;177.856545770;811.362434427;1;414;672;176.679153684;264.550258579;1000;230
2022042512.tif_converted.tif:0605-0824;165454;796.123323750;264.610481002;1.618310296;780.131399189;1;435;620;3.086129768;265.330699093;1000;230
2022042514.tif_converted.tif:0610-0858;193723;832.684197712;296.217683730;177.316927922;815.324475286;1;451;623;1.616507062;301.025211738;1000;230
2022042516.tif_converted.tif:0490-0739;144563;772.752267101;238.191896862;0.491338481;749.170875035;1;365;503;1.223755764;238.756527452;1000;230
2022042517.tif_converted.tif:0689-0858;181793;936.215913745;247.235742480;179.863710231;903.465549980;1;407;705;1.839431581;241.000000000;1000;230
2022042518.tif_converted.tif:0649-0828;210852;1004.598564723;267.236201518;178.517149557;966.207017155;1;345;621;178.813921430;268.196943125;1000;230
2022042519.tif_converted.tif:0727-0962;181739;919.996896787;251.519632760;0.178779026;890.162344744;1;517;740;1.094280695;252.121966755;1000;230
2022042520.tif_converted.tif:0593-0719;203029;956.810108495;270.173307360;0.903016872;932.002145920;1;253;634;0.122952128;266.532754921;1000;230
2022042521.tif_converted.tif:0681-0891;192024;959.293812998;254.867223186;0.214601747;930.658369113;1;426;721;2.155275621;249.614510865;1000;230
2022042522.tif_converted.tif:0577-0762;196008;978.503694484;255.047720404;0.557504515;945.385635601;1;290;602;1.636577042;250.804384911;1000;230
2022042523.tif_converted.tif:0474-0883;193943;981.021303790;251.713083162;179.386234355;951.018927256;1;408;462;179.638517228;247.000000000;1000;230
2022042524.tif_converted.tif:0510-0894;175447;960.732600365;232.516371694;0.058075068;916.004912651;1;436;498;179.812350738;224.855598063;1000;230
2022042525.tif_converted.tif:0557-0797;185329;961.455879890;245.428018614;1.390689110;928.517635805;1;333;576;1.913263931;243.207618932;1000;230
2022042701.tif_converted.tif:0510-0890;291336;1025.566599865;361.693249423;179.189588576;1012.961006160;1;385;496;176.434250472;367.721919167;1000;230
2022042702.tif_converted.tif:0602-0857;272659;971.958755042;357.175877296;1.236142630;972.043723296;1;372;644;3.716052998;364.077358286;1000;230
2022042703.tif_converted.tif:0494-0768;267892;988.895929583;344.920711993;0.021667304;987.369231848;1;275;505;1.566970957;351.940035918;1000;230
2022042704.tif_converted.tif:0548-0913;272617;990.050519767;350.594982819;179.766448246;978.662352397;1;424;554;177.891904688;353.000000000;1000;230
2022042705.tif_converted.tif:0521-0766;288417;995.620708291;368.839184155;178.253560160;988.407304708;1;274;456;175.241172272;371.045430267;1000;230
2022042706.tif_converted.tif:0568-0821;219317;886.416092579;315.024828149;179.036814311;873.962241747;1;385;564;177.311108689;318.081736088;1000;230
2022042707.tif_converted.tif:0557-0879;276027;974.179618277;360.763544239;179.755406640;965.377646313;1;397;541;178.397323777;366.937545607;1000;230
2022042708.tif_converted.tif:0530-0792;225329;895.135334496;320.507729188;178.500124957;881.111230209;1;352;539;0.910412489;319.381064295;1000;230
2022042709.tif_converted.tif:0510-0870;217490;882.826300893;313.670841370;1.127703105;871.208930165;1;436;560;4.080931159;314.334659727;1000;230
2022042710.tif_converted.tif:0515-0841;275497;970.164355955;361.561082617;1.150987640;971.148804252;1;356;494;178.996983779;369.545341228;1000;230
2022042711.tif_converted.tif:0601-0831;221557;904.884328872;311.747175647;176.151143089;897.570610036;1;383;572;177.956869854;312.000000000;1000;230
2022042712.tif_converted.tif:0528-0813;209453;856.244272669;311.457665617;177.172967562;846.463230152;1;390;500;178.104377741;314.564616240;1000;230
2022042713.tif_converted.tif:0468-0821;274870;981.203599422;356.679647188;2.641356635;978.365984691;1;333;513;3.985478613;362.449848651;1000;230
2022042714.tif_converted.tif:0535-0799;225697;879.166197877;326.862368255;178.014881564;876.146106537;1;361;538;1.046381907;331.600697530;1000;230
2022050223.tif_converted.tif:0608-0821;265814;945.673659701;357.887621033;174.230154963;934.016059819;1;355;580;175.394281726;360.528614212;1000;230
2022050224.tif_converted.tif:0676-0947;250445;942.292682506;338.404917815;176.961313497;927.876069311;1;485;652;175.487631485;337.221616036;1000;230
2022050225.tif_converted.tif:0547-0851;258749;946.655432915;348.014121618;177.000542794;937.592662087;1;384;520;174.982614266;350.519831149;1000;230
2022050226.tif_converted.tif:0573-0801;235457;922.563557589;324.956650432;178.778105396;920.263005885;1;341;586;1.369855397;327.934439539;1000;230
2022050227.tif_converted.tif:0527-0734;248673;954.862107643;331.587456213;0.119043445;947.135154030;1;261;529;0.967946418;332.952597732;1000;230
2022050228.tif_converted.tif:0592-0725;267969;956.767418989;356.605712937;178.950204907;931.884649514;1;262;546;174.766605738;354.561828050;1000;230
2022050229.tif_converted.tif:0535-0895;235595;918.018405824;326.756924087;1.007710103;901.179782285;1;445;564;1.144491520;325.789405535;1000;230
2022050230.tif_converted.tif:0555-0772;260291;966.872881823;342.767700459;179.627163736;962.636483830;1;291;563;2.083646740;343.937525371;1000;230
2022050231.tif_converted.tif:0526-0923;249047;911.229722389;347.987429631;179.156830249;890.539723988;1;478;483;178.005110802;344.916035727;1000;230
2022050232.tif_converted.tif:0522-0800;266296;967.636213803;350.398830644;177.789265837;957.204262423;1;322;508;177.125638226;351.288386891;1000;230
2022050233.tif_converted.tif:0560-0817;250567;953.448183165;334.608444002;0.231745869;940.277618579;1;348;584;2.987166140;334.000000000;1000;230
2022050234.tif_converted.tif:0541-0813;254689;929.488128889;348.880309850;0.120771273;924.865395612;1;351;575;2.478789109;348.624707641;1000;230
2022050235.tif_converted.tif:0577-0855;254363;963.040872779;336.294169305;177.812536220;949.018967144;1;381;583;179.637755430;335.196043440;1000;230
2022050236.tif_converted.tif:0532-0786;256032;945.297613640;344.854427234;178.352613501;925.486358624;1;324;494;178.142409630;345.267783647;1000;230
2022050301.tif_converted.tif:0595-0879;196567;828.982711507;301.908440448;179.371928785;808.327285201;1;475;576;178.369496072;296.167808657;1000;230
2022050302.tif_converted.tif:0554-0737;208724;868.302466458;306.063452543;179.267886438;852.028755383;1;311;545;0.470729381;306.000000000;1000;230
2022050303.tif_converted.tif:0556-0865;270494;962.375076595;357.868429669;177.812474992;952.013130162;1;389;567;0.300920445;357.933921973;1000;230
2022050305.tif_converted.tif:0528-0722;234399;897.647706427;332.475729520;1.500108237;885.412898031;1;280;545;3.237262282;330.818526054;1000;230
2022050306.tif_converted.tif:0567-0790;218791;900.942270139;309.202223567;0.472318924;888.829567465;1;347;600;3.676860238;311.011347661;1000;230
2022050307.tif_converted.tif:0514-0853;231644;891.980864796;330.655412847;177.669866681;889.728610308;1;409;500;177.681077953;333.461901336;1000;230
2022050308.tif_converted.tif:0535-0848;217848;893.326461623;310.494203695;0.230581862;875.276527733;1;411;533;1.440276154;306.331184824;1000;230
2022050309.tif_converted.tif:0534-0885;193756;835.011985558;295.442227772;177.517480718;806.494885291;1;484;507;174.664068557;294.026571126;1000;230
2022050310.tif_converted.tif:0452-0911;206881;835.196603059;315.385705940;177.920316549;817.851453505;1;503;436;176.143984383;312.699379481;1000;230
2022050311.tif_converted.tif:0654-0862;237552;1079.602601887;280.159199137;178.877901482;1030.577508002;1;348;648;176.829421580;270.118992286;1000;230
2022050312.tif_converted.tif:0574-0762;236752;1182.306407984;254.960986982;1.375078547;1125.024444179;1;200;607;2.445309086;253.307966097;1000;230
2022050313.tif_converted.tif:0638-0729;243262;1101.626605092;281.157695992;0.419173584;1060.369746834;1;199;637;1.513121556;276.512095553;1000;230
2022050314.tif_converted.tif:0525-0810;252701;1096.861910900;293.335836532;1.757690338;1069.022918370;1;276;499;0.375177478;296.001843379;1000;230
2022050315.tif_converted.tif:0600-0700;233670;1063.735316973;279.691648544;178.911038183;1026.329381826;1;187;601;178.548370847;273.424171253;1000;230
2022050316.tif_converted.tif:0587-0876;211184;996.522949215;269.826018786;179.447215266;956.102504965;1;398;597;179.161000440;265.259454768;1000;230
2022050317.tif_converted.tif:0527-0875;211263;992.889255248;270.914812017;1.652190527;956.155845038;1;398;546;2.817519003;263.889325934;1000;230
2022050318.tif_converted.tif:0354-0870;215790;1053.478548631;260.804894144;179.331322144;1012.217861925;1;364;374;178.811226569;258.305851767;1000;230
2022050319.tif_converted.tif:0566-0730;202903;979.575815761;263.730605828;0.432851003;947.255509353;1;257;546;178.669186419;260.192757140;1000;230
2022050320.tif_converted.tif:0582-0820;211840;1024.147415295;263.363516940;1.398206845;979.372247922;1;331;584;1.579769160;254.068665249;1000;230
2022050321.tif_converted.tif:0497-0781;209567;1007.311803815;264.892152222;179.234127728;968.041837939;1;297;516;0.532693345;258.778843213;1000;230
2022050322.tif_converted.tif:0493-0870;236580;1051.474020795;286.476893900;177.862655057;1012.780825253;1;365;456;175.753157393;282.311791346;1000;230
2022050323.tif_converted.tif:0495-0807;216904;1117.367062444;247.162064727;0.670116103;1061.228062200;1;277;511;1.187866678;246.910737228;1000;230
2022050324.tif_converted.tif:0529-0859;221328;1036.369492367;271.914181219;178.985826017;991.004540857;1;364;526;179.826552156;263.235608036;1000;230
2022050325.tif_converted.tif:0496-0850;208823;1008.384331321;263.670996456;178.102269035;965.049739651;1;368;475;177.327344657;254.502259322;1000;230
2022050326.tif_converted.tif:0535-0858;234429;1046.789089987;285.142705525;179.599165873;1013.031588846;1;352;551;0.452474538;280.859253227;1000;230
2022050327.tif_converted.tif:0632-0786;221482;1035.199508958;272.410910560;179.490569874;994.688393418;1;289;613;177.868243924;268.000000000;1000;230
2022050328.tif_converted.tif:0564-0738;224177;1013.331471458;281.675867630;178.791437122;978.004601216;1;249;546;179.824246626;276.000000000;1000;230
2022052401.tif_converted.tif:0616-0823;236537;1114.197877218;270.300516947;177.812043836;1079.118621839;1;284;615;179.150449222;271.742738196;1000;230
2022052402.tif_converted.tif:0357-0762;227135;1089.792814849;265.369031666;177.416946974;1057.937616308;1;234;337;176.531770741;269.002878558;1000;230
2022052403.tif_converted.tif:0492-0814;246575;1123.664097364;279.397589973;0.006415005;1097.558198912;1;266;473;178.172586824;289.073582175;1000;230
2022052404.tif_converted.tif:0616-0798;221534;1038.679476657;271.561974259;0.321661918;1011.605654393;1;293;616;1.982741571;276.872906623;1000;230
2022052405.tif_converted.tif:0562-0795;216365;1014.964745338;271.422702475;178.181159184;992.032257540;1;299;564;179.537947279;275.480136486;1000;230
2022052406.tif_converted.tif:0495-0823;211476;1033.827042394;260.449373948;178.290159381;1009.958910055;1;319;481;177.503054392;266.134815095;1000;230
2022052407.tif_converted.tif:0562-0924;208184;1052.205413893;251.916686496;1.472597603;1015.135458941;1;417;587;2.710203100;260.668359646;1000;230
2022052408.tif_converted.tif:0553-0887;234541;1101.790548071;271.037790789;0.343839202;1066.713176069;1;354;568;2.095252565;274.534985170;1000;230
2022052409.tif_converted.tif:0473-0746;225294;1044.774649948;274.559906297;177.816389417;1014.126224885;1;239;470;179.095999605;276.869367518;1000;230
2022052410.tif_converted.tif:0563-0797;217476;1057.587863764;261.821313120;0.561964138;1023.236531795;1;286;550;1.231977403;266.775643418;1000;230
2022052411.tif_converted.tif:0545-0734;232726;1143.813415159;259.059687849;0.466060425;1114.064630082;1;177;531;179.382834145;263.741878779;1000;230
2022052412.tif_converted.tif:0564-0772;198410;1005.518519151;251.237001865;0.586078025;980.061732750;1;282;562;0.643088886;255.613450845;1000;230
2022052413.tif_converted.tif:0496-0795;212822;1059.941492046;255.649381049;0.850023012;1021.048970422;1;285;495;179.438844784;257.946090678;1000;230
2022052414.tif_converted.tif:0505-0793;221339;1054.767628746;267.184505773;179.288885843;1017.096357284;1;285;506;0.788682645;273.045184741;1000;230
2022052415.tif_converted.tif:0578-0811;214649;1050.656870144;260.122598352;0.427706498;1016.177641950;1;303;576;1.071351313;267.696796930;1000;230
2022052416.tif_converted.tif:0523-0870;218875;1071.000171678;260.205658900;1.379042377;1032.774902871;1;354;514;2.219655553;256.422669326;1000;230
2022052417.tif_converted.tif:0483-0743;222864;1047.259394064;270.954129900;179.751550276;1020.007843107;1;233;491;0.224688180;273.664493204;1000;230
2022052418.tif_converted.tif:0535-0830;227785;1079.750620964;268.603568330;178.434501153;1052.171563957;1;304;540;178.965302788;281.390691136;1000;230
2022052419.tif_converted.tif:0583-0848;232599;1111.085646360;266.544929129;179.614756522;1073.004193841;1;312;586;0.160192815;274.000000000;1000;230
2022052420.tif_converted.tif:0591-0861;231106;1065.580283636;276.143715067;178.141323116;1036.463699316;1;343;588;178.286062415;286.316379697;1000;230
2022052421.tif_converted.tif:0443-0852;221341;1046.427503229;269.316424885;179.167768361;1013.012339510;1;346;437;179.717199831;273.460494555;1000;230
2022052422.tif_converted.tif:0421-0793;203410;1006.291582398;257.370388787;178.114948772;980.522309792;1;303;430;178.129781904;265.000000000;1000;230
2022052423.tif_converted.tif:0516-0725;219824;988.902229507;283.029607306;178.244708635;969.051598213;1;241;510;0.591266725;287.897356587;1000;230
2022052424.tif_converted.tif:0453-0841;201519;925.070471734;277.364771285;177.075827096;909.545490891;1;387;426;176.659433224;286.993456018;1000;230
2022052425.tif_converted.tif:0603-0732;241120;1019.288644217;301.193897105;178.077676985;997.204592849;1;234;595;177.183502545;311.634639141;1000;230
2022052426.tif_converted.tif:0499-0824;229378;957.037253033;305.163816107;177.454184201;949.265505536;1;350;483;177.041142398;313.376413425;1000;230
2022052427.tif_converted.tif:0507-0745;258507;1070.780871155;307.384399421;179.032679135;1058.682199718;1;216;498;177.943001778;320.857419767;1000;230
2022052428.tif_converted.tif:0570-0755;214027;968.898355903;281.255137219;179.208466335;956.878780202;1;277;563;177.544259101;285.000000000;1000;230
2022052429.tif_converted.tif:0544-0802;227240;972.696315239;297.452503533;179.005562900;962.831241703;1;321;532;177.619010637;302.466853469;1000;230
2022052430.tif_converted.tif:0586-0782;227528;998.704717359;290.073374141;178.078935567;990.366093927;1;288;563;176.990253189;298.023006859;1000;230
2022052431.tif_converted.tif:0506-0832;207342;930.899550217;283.592395788;179.633145626;919.628729434;1;373;498;177.881209547;285.801930051;1000;230
2022052432.tif_converted.tif:0547-0757;228244;991.686477553;293.045527217;178.553471839;985.951317257;1;265;514;176.394666119;308.614206775;1000;230
2022052433.tif_converted.tif:0530-0709;238992;989.108193622;307.644873673;178.731544611;982.324793538;1;219;517;177.023999508;315.814261020;1000;230
2022052434.tif_converted.tif:0502-0690;264717;1108.704664302;304.001744934;0.263724857;1092.165280532;1;144;511;179.003195992;308.810308987;1000;230
2022052435.tif_converted.tif:0518-0739;236675;1020.205130896;295.375861309;177.724004567;1011.914027969;1;234;477;177.564555370;303.336880851;1000;230
2022052436.tif_converted.tif:0574-0773;203307;927.476628947;279.099768169;175.438645029;923.133793120;1;313;541;175.277593120;286.064683171;1000;230
2022052437.tif_converted.tif:0527-0818;215514;939.682570329;292.014512037;176.552296720;930.619686016;1;355;480;174.944922358;303.203294017;1000;230
2022052438.tif_converted.tif:0584-0802;220284;980.643822369;286.010367347;178.951906362;961.961537693;1;322;594;177.438005961;293.261197717;1000;230
2022052439.tif_converted.tif:0518-0792;205794;917.457989786;285.598972145;178.093577306;912.035087044;1;336;505;179.497418333;292.583241154;1000;230
2022052440.tif_converted.tif:0552-0751;214403;955.825059990;285.602867655;177.984533971;950.278380265;1;276;534;178.613109955;287.384783356;1000;230
2022052441.tif_converted.tif:0491-0811;236889;1035.148957843;291.374917810;176.785948480;1023.535539197;1;301;463;175.966230981;295.913318324;1000;230
2022052501.tif_converted.tif:0576-0897;213938;1063.611332037;256.103252680;177.473545953;1024.001953123;1;386;555;176.416685145;251.856261527;500;115
2022052502.tif_converted.tif:0493-0875;200553;978.779666000;260.888143967;179.439720405;954.277213392;1;398;459;178.618922751;261.808333972;500;115
2022052503.tif_converted.tif:0594-0712;213113;1089.015454509;249.164415412;179.281212517;1046.038718213;1;189;592;0.492972553;246.000000000;500;115
2022052504.tif_converted.tif:0488-0827;202618;1048.079408535;246.146664055;0.324285489;1009.388428703;1;323;489;1.589564133;241.000000000;500;115
2022052505.tif_converted.tif:0412-0763;200864;1042.044635824;245.429014383;179.257902564;999.153641839;1;264;384;177.246413097;245.000000000;500;115
2022052506.tif_converted.tif:0525-0803;178618;933.525119850;243.617976813;0.454046929;901.055492187;1;353;540;0.635887093;243.757067735;500;115
2022052507.tif_converted.tif:0542-0813;172361;965.108805320;227.390777040;0.502164721;927.215724629;1;350;549;1.235963150;223.288464499;500;115
2022052508.tif_converted.tif:0547-0768;181225;1002.374717764;230.196185524;179.894193027;962.207877748;1;287;557;1.191008872;227.000000000;500;115
2022052509.tif_converted.tif:0486-0765;204748;1085.920098696;240.066696084;178.752299425;1037.030857786;1;247;484;0.442003031;237.641170952;500;115
2022052510.tif_converted.tif:0589-0807;222822;1072.649738373;264.490608339;179.068601145;1036.976856058;1;289;585;177.512847102;263.877594374;500;115
2022052511.tif_converted.tif:0587-0798;195976;992.688960116;251.362111441;0.157150676;968.012913137;1;314;598;0.295946642;253.832906926;500;115
2022052512.tif_converted.tif:0603-0860;167547;933.494192650;228.525755898;178.460094893;900.142210987;1;410;608;178.981515652;227.245121053;500;115
2022052513.tif_converted.tif:0526-0951;192981;1004.946320037;244.501657137;179.686849693;975.100507640;1;464;526;179.177347906;245.119771055;500;115
2022052514.tif_converted.tif:0538-0828;255512;1080.171808722;301.181700844;179.619690090;1066.270134628;1;295;518;178.710256622;302.130431390;500;115
2022052515.tif_converted.tif:0565-0812;272170;1090.564144781;317.759948875;177.869013577;1083.184656464;1;271;533;178.942026454;323.231029279;500;115
2022052516.tif_converted.tif:0568-0767;217468;948.894356686;291.801563961;179.446252027;937.090177091;1;299;555;179.205125563;293.194638846;500;115
2022052517.tif_converted.tif:0540-0786;234330;992.777846228;300.528686908;179.014831980;989.032355386;1;292;524;179.536545764;316.831536106;500;115
2022053101.tif_converted.tif:0542-0845;248427;1146.563052807;275.874126247;0.463043607;1113.404239259;1;289;542;1.543986790;281.181101021;500;115
2022053102.tif_converted.tif:0566-0917;244318;1120.864420795;277.531638367;178.986928345;1091.263946074;1;372;565;178.739801136;277.855106125;500;115
2022053103.tif_converted.tif:0553-0823;266325;1177.888759854;287.884164710;178.337266481;1141.424110487;1;253;531;177.137594774;288.857226256;500;115
2022053104.tif_converted.tif:0432-0878;244644;1157.092572782;269.200945982;176.866006821;1119.073277315;1;319;405;177.490431474;273.182631895;500;115
2022053105.tif_converted.tif:0544-0839;245396;1134.612926389;275.378399146;0.382776751;1102.065333816;1;288;537;0.623885826;281.543679492;500;115
2022053106.tif_converted.tif:0565-0880;242379;1098.918527944;280.827486084;179.320028166;1073.104841104;1;344;557;179.199086008;287.928437847;500;115
2022053107.tif_converted.tif:0547-0711;225129;1081.506287692;265.040664792;178.584154544;1043.276090016;1;190;543;178.681825420;264.084398325;500;115
2022053108.tif_converted.tif:0453-0819;259441;1212.032195972;272.542711178;0.029584008;1158.172698694;1;240;438;0.989466037;274.116277393;500;115
2022053109.tif_converted.tif:0592-0797;248911;1147.404956088;276.208784560;178.268617664;1114.162016944;1;240;561;179.022877674;276.853665341;500;115
2022053110.tif_converted.tif:0517-0753;254547;1073.537416134;301.898472771;179.732727345;1054.047437263;1;226;518;0.543586911;303.000000000;500;115
